sequence,label
DLGPPISLERLDVGTNLGNAIAKLEAKELLESSD,antiviral
HRIDLGPPISLERLDVGTNLGNAIAKLEAKELLE,antiviral
IDLGPPISLERLDVGTNLGNAIAKLEAKELLESS,antiviral
LERLDVGTNLGNAIAKLEAKELLESSDQILRSMK,antiviral
LGPPISLERLDVGTNLGNAIAKLEAKELLESSDQ,antiviral
LHRIDLGPPISLERLDVGTNLGNAIAKLEAKELL,antiviral
PISLERLDVGTNLGNAIAKLEAKELLESSDQILR,antiviral
PPISLERLDVGTNLGNAIAKLEAKELLESSDQIL,antiviral
RIDLGPPISLERLDVGTNLGNAIAKLEAKELLES,antiviral
SLERLDVGTNLGNAIAKLEAKELLESSDQILRSM,antiviral
ALLSTNKAVVSLSNGVSVLTSKVLDLKNYIDKQ,antiviral
AVSKVLHLEGEVNKIALLSTNKAVVSLSNGVSV,antiviral
EVNKIALLSTNKAVVSLSNGVSVLTSKVLDLKN,antiviral
GEVNKIALLSTNKAVVSLSNGVSVLTSKVLDLK,antiviral
IALLSTNKAVVSLSNGVSVLTSKVLDLKNYIDK,antiviral
KIALLSTNKAVVSLSNGVSVLTSKVLDLKNYID,antiviral
LEGEVNKIALLSTNKAVVSLSNGVSVLTSKVLD,antiviral
NKIALLSTNKAVVSLSNGVSVLTSKVLDLKNYI,antiviral
SKVLHLEGEVNKIALLSTNKAVVSLSNGVSVLT,antiviral
VAVSKVLHLEGEVNKIALLSTNKAVVSLSNGVS,antiviral
VNKIALLSTNKAVVSLSNGVSVLTSKVLDLKNY,antiviral
VSKVLHLEGEVNKIALLSTNKAVVSLSNGVSVL,antiviral
ERKVDFLEENITALLEEAQIQQEKNMYELQKLNSW,antiviral
EWERKVDFLEENITALLEEAQIQQEKNMYELQKLN,antiviral
FLEENITALLEEAQIQQEKNMYELQKLNSWDVFGN,antiviral
KVDFLEENITALLEEAQIQQEKNMYELQKLNSWDV,antiviral
QEWERKVDFLEENITALLEEAQIQQEKNMYELQKL,antiviral
RKVDFLEENITALLEEAQIQQEKNMYELQKLNSWD,antiviral
VDFLEENITALLEEAQIQQEKNMYELQKLNSWDVF,antiviral
WERKVDFLEENITALLEEAQIQQEKNMYELQKLNS,antiviral
WQEWERKVDFLEENITALLEEAQIQQEKNMYELQK,antiviral
RGGRLCYCRRRFCICV,antiviral
QKKCPGRCTLKCGKHERPTLPYNCGKYICCVPVKVK,antiviral
EKKCPGRCTLKCGKHERPTLPYNCGKYICCVPVKVK,antiviral
AVSPTTLRTEVVKTFRRDKPFPHRMDCVTT,antiviral
LAEGPPVKECAVTCRYDKDADINVVTQARN,antiviral
VSRRYLASLHKKALPTSVTFELLFDGTNPS,antiviral
GWFEGWFNRSPWFTT,antiviral
VEENMKKLEERLKKREELFKKQEEWFKKWFERSKKFT,antiviral
VRDNMAKLRERLKQRQQLFDSQQGWFEGWFNRSPWFT,antiviral
EWYNQTKDLQQKFYEIIMDIEQNNVQGKKGIQQLQ,antiviral
GEWYNQTKDLQQKFYEIIMDIEQNNVQGKKGIQQL,antiviral
GNITLGEWYNQTKDLQQKFYEIIMDIEQNNVQG,antiviral
ITLGEWYNQTKDLQQKFYEIIMDIEQNNVQGKKGI,antiviral
IWNHGNITLGEWYNQTKDLQQKFYEIITMDIEQNNV,antiviral
LGEWYNQTKDLQQKFYEIIMDIEQNNVQGKKGIQQ,antiviral
NITLGEWYNQTKDLQQKFYEIIMDIEQNNVQGK,antiviral
NQTKDLQQKFYEIIMDIEQNNVQGKKGIQQLQKWE,antiviral
TKDLQQKFYEIIMDIEQNNVQGKKGIQQLQKWEDW,antiviral
TLGEWYNQTKDLQQKFYEIIMDIEQNNVQGKKG,antiviral
WNHGNITLGEWYNQTKDLQQKFYEIIMDIEQNNVQ,antiviral
WYNQTKDLQQKFYEIIMDIEQNNVQGKKGIQQLQK,antiviral
YNQTKDLQQKFYEIIMDIEQNNVQGKKGIQQLQKW,antiviral
AGAGTGATAIGMVTQYHQVL,antiviral
CNCTNSSSSYSGTKMACPSNRG,antiviral
EGGTLGNWAREIWATLFKKA,antiviral
EGPGLGNWAREIWATLFKKA,antiviral
EGPTGGNWAREIWATLFKKA,antiviral
EGPTLGGWAREIWATLFKKA,antiviral
EGPTLGNWAGEIWATLFKKA,antiviral
EGPTLGNWAREGWATLFKKA,antiviral
EGPTLGNWAREIWAGLFKKA,antiviral
EGPTLGNWAREIWATGFKKA,antiviral
EGPTLGNWAREIWATLFKGA,antiviral
EGPTLGNWAREIWATLFKKA,antiviral
EGPTLGNWAREIWATLFKKG,antiviral
EGPTLGNWAREIWATLGKKA,antiviral
EGPTLGNWAREIWGTLFKKA,antiviral
EGPTLGNWARGIWATLFKKA,antiviral
EGPTLGNWGREIWATLFKKA,antiviral
EIWATLFKKATRQCRRGRIW,antiviral
GGPTLGNWAREIWATLFKKA,antiviral
HVMLALATVLSIAGAGTGATAI,antiviral
IGLKVEAMEKFLYTAFAMQE,antiviral
IGNIPQYLKGLLGGILGIGL,antiviral
LGNWAREIWATL,antiviral
LGNWAREIWATLFK,antiviral
LGNWAREIWATLFKKA,antiviral
LLGGILGIGLGVLLLILCLP,antiviral
LQKWEDWVRWIGNIPQYLKG,antiviral
NQTKDLQQKFYEIIMDIEQN,antiviral
NVQGKTGIQQLQKWEDWVRW,antiviral
PDYLLVPEEVMEYKPRRKRAAI,antiviral
PTLGNWAREIWATLFKKA,antiviral
RGILRNWYNPFAGLRQSLEQ,antiviral
SGTKMACPSNRGILRNWYNP,antiviral
TGALKINNLRLVTLEHQVLV,antiviral
TRQCRRGRIWKRWNETITGP,antiviral
YKPRRKRAAIHVMLALATVLSI,antiviral
KHMHWHPPALNT,antiviral
LPRRLHLEPAFLPYSVKAHEC,antiviral
LPRRLHLEPAFLPYSVKAHECC,antiviral
RRLHLEPAFLPYSVKAHECC,antiviral
AIKWEYVLLLFLL,antiviral
IKWEYVLLLFLL,antiviral
KWEYVLLLFLL,antiviral
SFAIKWEYVLLLFLL,antiviral
VSFAIKWEYVLLLFL,antiviral
WEYVLLLFLL,antiviral
SWLRDIWDWACEVLSDFK,antiviral
SWLRDIWDWECEVLSDFK,antiviral
SWLRDIWDWGCEVLSDFK,antiviral
SWLRDIWDWICELLSDFK,antiviral
SWLRDIWDWLCELLSDFK,antiviral
SWLRDIWDWSCEVLSDFK,antiviral
SWLRDIWDWVCEVLSDFK,antiviral
SWLRDLWDWICELLSDFK,antiviral
SWLRDLWDWICEVLSDFK,antiviral
SWLRDLWDWLCELLSDFK,antiviral
SWLRDLWDWLCEVLSDFK,antiviral
SGSWLRDIWDWICEVLSDFK,antiviral
GSWLRDIWDWICEVLSDFK,antiviral
SWLRDIWDWICEVLSDFKT,antiviral
SWLRDIWDWICEVLSDFKTW,antiviral
SWRLIDWDWICEVLSDFK,antiviral
SWLRDIWDWICEVL,antiviral
KFDSLVECIWDWIDRLWS,antiviral
KWLCRIWSWISDVLDDFE,antiviral
SIWRDWVDLICEFLSDWK,antiviral
SWLRDVWDWICTVLTDFK,antiviral
SWLRDVWDWVCTILTDFK,antiviral
DWLRIIWDWVCSVVSDFK,antiviral
SWLWEVWDWVLHVLSDFK,antiviral
SWLRDVWDWVCTVLSDFK,antiviral
SWLRDIWDWISEVLSDFK,antiviral
SWLRDIWDWIREVLSDFK,antiviral
SWLRDIWDWIEEVLSDFK,antiviral
SWLDDIWDWICEVLSDFE,antiviral
SWLRDIWDWICKVLSDFK,antiviral
SWLDRIWRWICKVLSRFE,antiviral
SWLRDIWRWICKVLSRFK,antiviral
SWLRRIWRWICKVLSRFK,antiviral
SIELNKAKSDLEESKEWIRRSNQKLDSI,antiviral
VALDPIDISIELNKAKSDLEESKEWIRR,antiviral
VALDPIDISIELNKAKSDLEESKEWIRRSNQKLDSD,antiviral
VALDPIDISIELNKAKSDLEESKEWIRRSNQKLDSI,antiviral
VANDPIDISIELNKAKSDLEESKEWIRRSNQKLDSI,antiviral
VYTDKVDISSQISSMNQSLQQSKDYIKEAQKILDTV,antiviral
KVDISSQISSMNQSLQQSKDYIKEAQRLLDTVNPSL,antiviral
TSQNIRS,antiviral
AEPERRNIKYL,antiviral
AIPCGESCVWIPCISAAIGCSCKNKVCYR,antiviral
AKITFTNNHPRTIWP,antiviral
CGESCAMISFCFTEVIGCSCKNKVCYLNSIS,antiviral
CGESCVFIPCITSVAGCSCKSKVCYRNGIP,antiviral
CGSVFLVGQLFTFSPRHH,antiviral
CLGVGSCNDFAGCGYAIVCFW,antiviral
DCPNGPWVWVPAFCQAVGWG,antiviral
DREINNYTSLIHSLIEESQNQQEKNEQELLELDKWA,antiviral
EELAKKAEELAKKAEELAKKAEELAKKAWASLWNWF,antiviral
EWDREINNYTSLIHSLIEESQNQQEKNEQELLELDK,antiviral
FKCRRWQWRM,antiviral
FKRIVQRIKDFLR,antiviral
GADFQECMKEHSQKQHQHQG,antiviral
GDPTFCGETCRVIPVCTYSAALGCTCDDRSDGLCKRN,antiviral
GFCRCICTRGFCRCICTR,antiviral
GFCRCLCRRGVCRCICTR,antiviral
GFKRIVQRIKDFLRNLV,antiviral
GFPCGESCVFIPCISAAIGCSCKNKVCYRN,antiviral
GICRCICGRGICRCYCGR,antiviral
GICRCICGRRICRCICGR,antiviral
GICRCYCGRGICRCICGR,antiviral
GIGGKILSGLKTALKGAAKELASTYLH,antiviral
GIGTKILGGVKTALKGALKELASTYAN,antiviral
GIKEFKREFQRIKDFLRNLV,antiviral
GIKEFKRIVQRIKDFLRNLV,antiviral
GIKQFKRIVQRIKDFLRNLV,antiviral
GIKYFSMVGNWAKVLVVL,antiviral
GIPCAESCVWIPCTVTALVGCSCSDKVCYN,antiviral
GIPCGESCVFIPCLTTVAGCSCKNKVCYRN,antiviral
GLPICGETCVGGTCNTPGCSCSWPVCTRN,antiviral
GPWVWVPAFCQAVGWGDPIT,antiviral
GRFKRFRKKFKKLFKKIS,antiviral
GRFKRFRKPFKKLFKKIS,antiviral
GTACGESCYVLPCFTVGCTCTSSQCFKN,antiviral
GTKALTEVIPLTEEAEC,antiviral
GTKWLTEWIPLC,antiviral
GTKWLTEWIPLTAEAEC,antiviral
GTKWLTEWIPLTAEC,antiviral
GVCRCICGRGVCRCICGR,antiviral
GVCRCICGRGVCRCICRR,antiviral
GVIPCGESCVFIPCISAAIGCSCKNKVCYRN,antiviral
GVPCGESCVFIPCITGVIGCSCSSNVCYLN,antiviral
GYCRCICGRGICRCICGR,antiviral
IWNNMTWMEWDREINNYTSLIHSLIEESQNQQEKNE,antiviral
KIMAKPSKFYEQLRGR,antiviral
KIPCGESCVWIPCLTSVFNCKCENKVCYHD,antiviral
KIPCGESCVWIPCVTSIFNCKCENKVCYHD,antiviral
KPVSLSYRCPCR,antiviral
KPVSLSYRCPCRF,antiviral
KPVSLSYRCPCRFF,antiviral
KQTENLADTY,antiviral
LCDCPNGPWVWVPAFCQAVG,antiviral
LEAIPCSIPPCFAFNKDFVF,antiviral
LEAIPCSIPPCFAFNKPFVF,antiviral
LEAIPCSIPPCLAFAKPFVF,antiviral
LEAIPCSIPPCVFFGKPFVF,antiviral
LEAIPCSIPPCVFFNKPFVF,antiviral
LEAIPCSIPPCVGFGKPFVF,antiviral
LEAIPCSIPPCVLFNKPFVF,antiviral
LEAIPCSIPPECLFGKPFVF,antiviral
LEAIPCSIPPEFLFGKPFVFLEAIPCSIPPEFLFGKPFVF,antiviral
LEAIPISIPPEVFFGKPFVF,antiviral
LEAIPMCIPPECFFNKPFVF,antiviral
LEAIPMCIPPECLFGKPFVF,antiviral
LEAIPMCIPPECLFNKPFVF,antiviral
LEAIPMKIPPEFLFGKPFVF,antiviral
LEAIPMSCPPEFCFGKPFVF,antiviral
LEAIPMSIPPEFAFNKDFVF,antiviral
LEAIPMSIPPEFLFGKPFVF,antiviral
LEAIPMSIPPEIAFNKPFVF,antiviral
LEAIPMSIPPELAFAKPFVF,antiviral
LEAIPMSIPPEVKFNKPFVF,antiviral
LIHSLIEESQNQQEKNEQELLELDKWASLWNWFNIT,antiviral
LLGDLLRKSKEKIGKEFKRIVQRIKDFLRNLVPRTES,antiviral
LLRIPQAIMDMIAGAHWG,antiviral
LPLPAPSFHRTT,antiviral
LSYRCPCRFF,antiviral
MEWDREINNYTSLIHSLIEESQNQQEKNEQELLELD,antiviral
NGVIPCGESCVFIPCISTLLGCSKNKVCYR,antiviral
NMTWMEWDREINNYTSLIHSLIEESQNQQEKNEQEL,antiviral
NNMTWMEWDREINNYTSLIHSLIEESQNQQEKNEQE,antiviral
NNYTSLIHSLIEESQNQQEKNEQELLELDKWASLWN,antiviral
NYTSLIHSLIEESQNQQEKNEQELLELDKWASLWNW,antiviral
PNGPWVWVPAFCQAVGWGDP,antiviral
PQITLRKKRRQRRRPPQVSFNFATLNF,antiviral
PQITLRKKRRQRRRPPQVSFNFCTLNF,antiviral
PTGERVWDRGNVTLLCDCPN,antiviral
PVSLSYRCPCRFFE,antiviral
QIWNNMTWMEWDREINNYTSLIHSLIEESQNQQEKN,antiviral
QLLDVVKRQQEMLRLTVWGTKNLQARVTAIEKYLKDQ,antiviral
QLLIRMIYKNI,antiviral
QLLIRMIYKNILFYLVPGPGHGAEPERRNIKYL,antiviral
RGGRLCYCRRRFCVCVGR,antiviral
RGNVTLLCDCPNGPWVWVPA,antiviral
RIPTGERVWDRGNVTLLCDC,antiviral
RMIYKNILFYLVPGPGHGAEPERRNIKYL,antiviral
SKEKIGKEFKRIVQRIKDFLR,antiviral
SLIHSLIEESQNQQEKNEQELLELDKWASLWNWFNI,antiviral
SNQGGSPLPRSV,antiviral
SSGLYHVTNDCPNSSIVY,antiviral
SYRCPCRFFES,antiviral
SYSMEHFRWGKPV,antiviral
TFCGETCRVIPVCTYSAALGCTCDDRSDGLCKRNGDP,antiviral
TLLCDCPNGPWVWVPAFCQA,antiviral
TSLIHSLIEESQNQQEKNEQELLELDKWASLWNWFN,antiviral
TWMEWDREINNYTSLIHSLIEESQNQQEKNEQELLE,antiviral
VCYRNGIPCGESCVWIPCISAALGSCK,antiviral
WDREINNYTSLIHSLIEESQNQQEKNEQELLELDKW,antiviral
WDRGNVTLLCDCPNGPWVWV,antiviral
WMEWDREIEALAKAAEALAKAAEALAKAAWASLWNWF,antiviral
WMEWDREIEEAAKKLEEAAKKLEEAAKKLWASLWNWF,antiviral
WMEWDREINNYTSLIGSLIEESQNQQEKNEQELLE,antiviral
WMEWDREINNYTSLIHSLIEESQNQQEKNEQELLE,antiviral
WMEWDREINNYTSLIHSLIEESQNQQEKNEQELLEL,antiviral
WNNMTWMEWDREINNYTSLIHSLIEESQNQQEKNEQ,antiviral
WVWVPAFCQAVGWGDPITHW,antiviral
YCKKCCYHCQ,antiviral
YPGHITGHRMANMMMNW,antiviral
YQCGQGG,antiviral
YQLAIRMIYKNI,antiviral
YQLLIRAIYKNI,antiviral
YQLLIRMAYKNI,antiviral
YQLLIRMIAKNI,antiviral
YQLLIRMIY,antiviral
YQLLIRMIYANI,antiviral
YQLLIRMIYKAI,antiviral
YQLLIRMIYKNA,antiviral
YQLLIRMIYKNI,antiviral
YTSLIHSLIEESQNLQEKNEQELLELDKWASLWNWF,antiviral
YTSLIHSLIEESQNQQEKLEQELLELDKWASLWNWF,antiviral
YTSLIHSLIEESQNQQEKNEQELLELDKWASLANWF,antiviral
YTSLIHSLIEESQNQQEKNEQELLELDKWASLFNFF,antiviral
YTSLIHSLIEESQNQQEKNEQELLELDKWASLWNAF,antiviral
YTSLIHSLIEESQNQQEKNEQELLELDKWASLWNSF,antiviral
YTSLIHSLIEESQNQQEKNEQELLELDKWASPWNWF,antiviral
YTSLIHSLIEESQNQQEKNEQELLQLDKWASLWNWF,antiviral
YTSLIHSLIEESQNQQEKNEQQLLELDKWASLWNWF,antiviral
YTSLIHSLIEESQNQQEKNQQELLQLDKWASLWNWF,antiviral
YTSLIHSLIEESQQQQEKNEQELLELDKWASLWNWF,antiviral
YTSLIHSLIEQSQNQQEKNEQELLELDKWASLWNWF,antiviral
YTSLIHSLIQESQNQQEKNEQELLELDKWASLWNWF,antiviral
YTSLIQSLIEESQNQQEKNEQELLELDKWASLWNWF,antiviral
YTSLIQSLIEESQNQQEKNEQQLLELDKWASLWNWF,antiviral
ALWKTMLKKLGTMALHAGKAALGAAADTISQGTQ,antiviral
GLFGVLAKVAAHVVPAIAEHF,antiviral
GLLSVLGSVAKHVLPHVVPVIAEHL,antiviral
CGRLLLRRQRRRAHQN,antiviral
EWRKKRYSTQV,antiviral
FFGKVLKLIRKIF,antiviral
FFHHIFRGIVHVGKTIHRLVTG,antiviral
GFKDLLKGAAKALVKTVLF,antiviral
GFLDIIEKIAKSW,antiviral
GFLSILKKVLPKVMAHMK,antiviral
GFNEIVQDIEDFLQNLV,antiviral
GIGAVLKVLTTGLPALISWIKRKRQQ,antiviral
GIIDIAKKLFESW,antiviral
GIWDTIKSMGKVFAGKILQNL,antiviral
GIWSDLAEIIKKF,antiviral
GLLGLLGSVVSHVVPAIVGHF,antiviral
GLRRLLGRLLRRLGRLLLR,antiviral
GLRSKIWLWVLLMIWQESNKFKKM,antiviral
GLRSRIWLWVLLMIWQESNRFKRM,antiviral
GWFDIIKKIASEL,antiviral
GWFDVVKHIAKRF,antiviral
ILGPVLGLVSRTLRRVLGIL,antiviral
LLKELWTKIKGAGKAVLGKIKGLL,antiviral
MTWEAWDRAIAEYAARIEALIRAAQEQQEKNEAALREL,antiviral
MTWMAWDRAIANYAALIHALIEAAQNQQEKNEAALLEL,antiviral
MTWMEWDREINNYTSLIHSLIEESQNQQEKNEQELL,antiviral
MTWMEWDREINNYTSLIHSLIEESQNQQEKNEQELLEL,antiviral
SLSRFLRFLKIVYRRAF,antiviral
TTWEAWDRAIAEYAARIEALIRAAQELQEKLEAALREL,antiviral
TTWEAWDRAIAEYAARIEALIRAAQELQEKNEAALREL,antiviral
TTWEAWDRAIAEYAARIEALIRAAQEQQEKLEAALREL,antiviral
TTWEAWDRAIAEYAARIEALIRAAQEQQEKLEAVLREL,antiviral
TTWEAWDRAIAEYAARIEALIRAAQEQQEKNEAALREL,antiviral
TTWEAWDRAIAEYAARIEALIRALQELQEKLEAILREL,antiviral
TTWEAWDRAIAEYAARIEALIRALQELQEKNEAALREL,antiviral
TTWEAWDRAIAEYAARIEALIRALQELQEKNEAILREL,antiviral
TTWEAWDRAIAEYAARIEALIRALQEQQEKNEAALREL,antiviral
TTWEAWDRAIAEYAARIEALIRALQEQQEKNEAILREL,antiviral
TTWEEWDREINEYTSRIESLIRESQEQQEKNEQELREL,antiviral
VFQFLGRIIHHVGNFVHGFSHVF,antiviral
WQEWEQKITALLEQAQIQQEKNEYELQKLDKWASLWEWF,antiviral
YTSLIHSLIEESQNQQEKNEQELLELDKWASLWNWF,antiviral
YVSGKARGWFYRHHY,antiviral
YVSGKARGWFYRHHYESPHPRISSEVHIPLGDARLV,antiviral
AEGIGALFLGFLGAAGSTMGARSMTLTVQARQL,antiviral
AVGIGALFLGFLGAAGSTMGARSMTLTVQARQL,antiviral
AIRDTNKAVQSVQSSIGNLIVAIKSVQDYVNKEIV,antiviral
AKQARSDIEKLKEAIRDTNKAVQSVQSSIGNLIVA,antiviral
ALDPIDISIELNKAKSDLEESKEWIRRSNQKLDSI,antiviral
ARSDIEKLKEAIRDTNKAVQSVQSSIGNLIVAIKS,antiviral
AVALVEAKQARSDIEKLKEAIRDTNKAVQSVQSSI,antiviral
DISIELNKAKSDLEESKEWIRRSNQKLDSIGNWHQ,antiviral
DPIDISIELNKAKSDLEESKEWIRRSNQKLDSIGN,antiviral
EAKQARSDIEKLKEAIRDTNKAVQSVQSSIGNLIV,antiviral
KLKEAIRDTNKAVQSVQSSIGNLIVAIKSVQDYVN,antiviral
KQARSDIEKLKEAIRDTNKAVQSVQSSIGNLIVAI,antiviral
LNNSVALDPIDISIELNKAKSDLEESKEWIRRSNQ,antiviral
LVEAKQARSDIEKLKEAIRDTNKAVQSVQSSIGNL,antiviral
RSDIEKLKEAIRDTNKAVQSVQSSIGNLIVAIKSV,antiviral
SDIEKLKEAIRDTNKAVQSVQSSIGNLIVAIKSVQ,antiviral
SVALDPIDISIELNKAKSDLEESKEWIRRSNQKLD,antiviral
TAAVALVEAKQARSDIEKLKEAIRDTNKAVQSVQS,antiviral
TLNNSVALDPIDISIELNKAKSDLEESKEWIRRSN,antiviral
VEAKQARSDIEKLKEAIRDTNKAVQSVQSSIGNLI,antiviral
ALDPIDISIELNKAKSDLEESKEWIRRSNQKLDS,antiviral
AQITAAVALVEAKQARSDIEKLKEAIRDTNKAVQS,antiviral
DPIDISIELNKAKSDLEESKEWIRRSNQKLDSIG,antiviral
IDISIELNKAKSDLEESKEWIRRSNQKLDSIGNW,antiviral
LDPIDISIELNKAKSDLEESKEWIRRSNQKLDSI,antiviral
LKEAIRDTNKAVQSVQSSIGNLIVAIKSVQDYVNK,antiviral
NSVALDPIDISIELNKAKSDLEESKEWIRRSNQK,antiviral
PIDISIELNKAKSDLEESKEWIRRSNQKLDSIGN,antiviral
QARSDIEKLKEAIRDTNKAVQSVQSSIGNLIVAIK,antiviral
FKCRRWQWRMKKLGA,antiviral
FKCRRWQWRMKKLGAPSITCVRRAF,antiviral
RFLVCWKQKIWGKARPSMCTRRARF,antiviral
TKCFQWQRNMRKVRGPPVSCIKRDS,antiviral
TKCFQWQWNMRKVRGPPVSCIKRDS,antiviral
TKCRRWQRNMRKVRGPPVSCIKRDS,antiviral
CYCRIPACIAGERRYGTCIYQGRLWAFCC,antiviral
FLPVLAGIAAKVVPALFCKITKKC,antiviral
GHRRYFTFGGGYVYF,antiviral
GIGKFLHSAGKFGKAFVGEIMKS,antiviral
GLASTLTRWAHYNALIRAF,antiviral
HEFVPLEVYTRHEIK,antiviral
HRWRKRWRKWRWRKRWRK,antiviral
KRWRKRWRKKRWRKRWRK,antiviral
KTTSSIEFARLQFTY,antiviral
KVLTTGLPALISWIKRKRQQ,antiviral
LLGDFFRKSKEKIGKEFKRIVQRIKDFLRNLVPRTES,antiviral
LRKLRKRLL,antiviral
LRKRKRL,antiviral
LRKRKRLLK,antiviral
LRKRKRLRK,antiviral
LRKRKRLRKLRKRKRLRK,antiviral
LRTRKRGRK,antiviral
LRTRKRGRKLRTRKRGRK,antiviral
LRWRKRWRKLRWRKRWRK,antiviral
LRWRKRWRKWRWRKRWRK,antiviral
RLTRKRGLK,antiviral
RRCICTTRTCRFPYRRLGTCIFQNRVYTFCC,antiviral
RRWRKRWRKRRWRKRWRK,antiviral
RRWRKRWRKWRWRKRWRK,antiviral
RTRKGRK,antiviral
RTRKGRR,antiviral
RTRKRWRKRTRKRGRK,antiviral
RWRKRGRKRWRKRGRK,antiviral
RWRKRWRKRWRKRWRK,antiviral
RWRKRWRKWRWRKRWRK,antiviral
RWRKRWRWRKRWRWRKRW,antiviral
TARLQLEARLQHLVAEILEREQSLA,antiviral
TARLQLEARLQHLVAEILEREQSLALHALGYQLAFV,antiviral
TTPKFTVAWDWVPKR,antiviral
VFQFLGKIIKKVGNFVKGFSKVF,antiviral
VVCACRRALCLPLERRAGFCRIRGRIHPLCCRR,antiviral
WRWRKRWRK,antiviral
WRWRKRWRKWRWRKRWRK,antiviral
YDHIQDHVNTMFSRLATSWCLLQNKERALWAEAA,antiviral
LRKRKRLLRKRKRL,antiviral
RTRKRGRRTRKRGR,antiviral
GIGKFLHSAKKFGKAFVGEIMNS,antiviral
ILPWKWPWWPWRR,antiviral
GMASKAGAIAGKIAKVALKAL,antiviral
GIGKFLKKAKKGIGAVLKVLTTGL,antiviral
ALSKALSKALSKALSKALSKALSK,antiviral
KKLLKKLKKLLKKL,antiviral
IDISIELNKAKSDLEESKEWIRRSNQKLDSIGNWH,antiviral
LDPIDISIELNKAKSDLEESKEWIRRSNQKLDSIG,antiviral
NNSVALDPIDISIELNKAKSDLEESKEWIRRSNQK,antiviral
NSVALDPIDISIELNKAKSDLEESKEWIRRSNQKL,antiviral
PIDISIELNKAKSDLEESKEWIRRSNQKLDSIGNW,antiviral
SIELNKAKSDLEESKEWIRRSNQKLDSIGNWHQSS,antiviral
VALDPIDISIELNKAKSDLEESKEWIRRSNQKLDS,antiviral
CATCEQIADSQHRSHRQMV,antiviral
CATCQIADSHRSHRQMV,antiviral
PPWCCCSPMKRASPPPAQSDLPATPKCPP,antiviral
RRKKAAVALLPAVLLALLAP,antiviral
RRKKAVLLALLAP,antiviral
RRKKLPAVLLALLAP,antiviral
RRKKPAVLLALLAP,antiviral
RRKKVLLALLAP,antiviral
RRKKAAVALLAVLLALLA,antiviral
RRKKVALLAVLLALLA,antiviral
GLLRKGGEKIGEKLKKIGQKIKNFFQKLVPQPEQ,antiviral
RKAVLLALLA,antiviral
RKKLAVLLALLA,antiviral
RRKKAAAAAAAAA,antiviral
RRKKLAVLLALLA,antiviral
RRKKLLAVLLALLA,antiviral
HGVSGHGQHGVHG,antiviral
KWKVFKKIEKMGRNIRNGIVKAGPAIAVLGEAKAL,antiviral
ADRDQYELL,antiviral
DQKDEYELL,antiviral
DLGPPISLERLDVGTNLGNAIAKLEDAKELLESSD,antiviral
IDLGPPISLERLDVGTNLGNAIAKLEDAKELLESS,antiviral
LERLDVGTNLGNAIAKLEDAKELLESSDQILRSMK,antiviral
LGPPISLERLDVGTNLGNAIAKLEDAKELLESSDQ,antiviral
LHRIDLGPPISLERLDVGTNLGNAIAKLEDAKELL,antiviral
PISLERLDVGTNLGNAIAKLEDAKELLESSDQILR,antiviral
PPISLERLDVGTNLGNAIAKLEDAKELLESSDQIL,antiviral
RIDLGPPISLERLDVGTNLGNAIAKLEDAKELLES,antiviral
SLERLDVGTNLGNAIAKLEDAKELLESSDQILRSM,antiviral
LFRLIKSLIKRLVSAFK,antiviral
ECKFTVKPYLKRFQVYYKGRMWCP,antiviral
GIKCRFCCGCCTPGICGVCCRF,antiviral
GFIFHIIKGLFHAGKMIHGLV,antiviral
CDSCERCWYVWLILLRVRLRLLVSL,antiviral
CTMCRYQQNCFTRRLIVGGMLLVFV,antiviral
PPDVHTPPHALWRLHLSLRVCLVRMWIH,antiviral
DASISQVNEKINQSLAFIRKSDELLHNVNAGKSTT,antiviral
DEFDASISQVNEKINQSLAFIRKSDELLHNVNAGK,antiviral
EFDASISQVNEKINQSLAFIRKSDELLHNVNAGKS,antiviral
FPSDEFDASISQVNEKINQSLAFIRKSDELLHNVN,antiviral
FYDPLVFPSDEFDASISQVNEKINQSLAFIRKSDE,antiviral
PLVFPSDEFDASISQVNEKINQSLAFIRKSDELLH,antiviral
PSDEFDASISQVNEKINQSLAFIRKSDELLHNVNA,antiviral
VFPSDEFDASISQVNEKINQSLAFIRKSDELLHNV,antiviral
YDPLVFPSDEFDASISQVNEKINQSLAFIRKSDEL,antiviral
DASISQVNEKINQSLAFIRKSDELLHNVNAGKSIT,antiviral
DPLVFPSDEFDASISQVNEKINQSLAFIRKSDELL,antiviral
KKRKRRFLGFLLGVGSA,antiviral
SDEFDASISQVNEKINQSLAFIRKSDELLHNVNAG,antiviral
SSVITSLGAIVSCYGKT,antiviral
VITIELSNIKENKCNGAKVKLIKQELDKYKNAV,antiviral
YTSVITIELSNIKENKCNGAKVKLIKQELDKYK,antiviral
IQKEIDRLNEVAKNLNESLI,antiviral
PTTFMLKYDENGTITDAVDC,antiviral
QYGSFCTQLNRALSGIAAEQ,antiviral
YQDVNCTDVSTAIHADQLTP,antiviral
GVFVFNGTSWFITQRNFFS,antiviral
GYFVQDDGEWKFTGSSYYY,antiviral
GYHLMSFPQAAPHGVVFLHVTW,antiviral
IQKEIDRLNEVAKNLNESLIDLQELGK,antiviral
NGIGVTQNVLYENQKQIANQFNKAISQIQESLTTTSTA,antiviral
VYINKLTPPCGTMYYACEAV,antiviral
AALYKKKIIKKLLES,antiviral
KNGRKLCLDLQAALY,antiviral
KWKLFKKIGIGKFLHAAKKF,antiviral
KWKLFKKIGIGKFLHFAKKF,antiviral
KWKLFKKIGIGKFLHWAKKF,antiviral
RRKKAAVAALPAVLLALLAP,antiviral
RRKKAAVALAPAVLLALLAP,antiviral
RRKKAAVALKPAVLLALLAP,antiviral
RRKKAAVALLKAVLLAALAP,antiviral
RRKKAAVALLKAVLLALAAP,antiviral
RRKKAAVALLKAVLLALKAP,antiviral
RRKKAAVALLPAVALALLAP,antiviral
RRKKAAVALLPAVKLALLAP,antiviral
RRKKAAVALLPAVLAALLAP,antiviral
RRKKAAVALLPAVLEALLAP,antiviral
RRKKAAVALLPAVLKALLAP,antiviral
RRKKAAVALLPAVLLAKLAP,antiviral
RRKKAAVALLPAVLLALL,antiviral
RRKKAAVALLPAVLLALLA,antiviral
RRKKALLPAVLLALLAP,antiviral
RRKKAVALLPAVLLALLAP,antiviral
RRKKLLPAVLLALLAP,antiviral
RRKKVALLPAVLLALLAP,antiviral
CGYRGLCRRFCHAQEYIVGHHGCPRRYRCC,antiviral
CDVIALLACHLNT,antiviral
CDVIALLCHLNTPSF,antiviral
CDVIALLCHLNTPSFNTTHYRESWY,antiviral
DTRACDVIALLCHLNT,antiviral
SCASRCKGHCRARRCGYYVSVLYRGRCYCKCLRC,antiviral
ACYCRIPACIAGERRYGTCIYQGRLWAFCC,antiviral
ALWKTLLKKVLKAAAK,antiviral
ALWKTLLKKVLKAAAKAALNAVLVGANA,antiviral
ALWMTLLKKVLKAAAK,antiviral
ALWMTLLKKVLKAAAKAALNAVLVGANA,antiviral
ARATCYCRTGRCATRESLSGVCEISGRLYRLCCR,antiviral
FDASISQVNEKINQSLAFIRKSDELLHNVNAGKST,antiviral
KPKQIKPPLPSV,antiviral
NNLLRAIEAQQHLLQLTVWQIKQLQARILAVERYLKDQ,antiviral
SVITIELSNIKENKCNGTDAKVKLIKQELDKYKNA,antiviral
TSVITIELSNIKENKCNGTDAKVKLIKQELDKYKN,antiviral
VITIELSNIKENKCNGTDAKVKLIKQELDKYKNAV,antiviral
CVCVKTTSLVRPRHI,exp-non-antiviral
RRKKLAALPLVLAAPLAVLA,exp-non-antiviral
RWRWRWRW,exp-non-antiviral
RWRWRWRWRW,exp-non-antiviral
SDDPKESEGDLHCVC,exp-non-antiviral
ALNTLVKQLSSNFGAISSVLNDILSRLDKVEAEVQIDRL,exp-non-antiviral
FKLPLGINITNFRAILTAFS,exp-non-antiviral
FNKAISQIQESLTTTSTALGKLQDVVNQNAQALNTLVKQL,exp-non-antiviral
GIGVTQNVLYENQKQIANQF,exp-non-antiviral
GINASVVNIQKEIDRLNEVAKNLNESLIDLQELGK,exp-non-antiviral
IDRLITGRLQSLQTYVTQQLIRAAEIRASANLAATK,exp-non-antiviral
IDRLNEVAKNLNESLIDLQELGKYEQYIKWPW,exp-non-antiviral
INASVVNIQKEIDRLNEVAKNLNESLIDL,exp-non-antiviral
INASVVNIQKEIDRLNEVAKNLNESLIDLQELGK,exp-non-antiviral
INASVVNIQKEIDRLNEVAKNLNESLIDLQELGKYEQYI,exp-non-antiviral
IQKEIDRLNEVAKNLNESLIDLQELGKYEQYIKWPW,exp-non-antiviral
ISGINASVVNIQKEIDRLNEVAKNLNESLIDLQELGK,exp-non-antiviral
LDKYFKNHTSPDVDLGDISGINASVVNIQKEIDRLNEVAK,exp-non-antiviral
PALNCYWPLNDYGFYTTSGI,exp-non-antiviral
QPELDSFKEELDKYFKNHTSPDVDLGDISGINASVVNIQ,exp-non-antiviral
RDVSDFTDSVRDPKTSEILD,exp-non-antiviral
SNNTIAIPTNFSISITTEVM,exp-non-antiviral
VLYNSTFFSTFKCYGVSATK,exp-non-antiviral
VVNIQKEIDRLNEVAKNLNESLIDLQELGK,exp-non-antiviral
VVNIQKEIDRLNEVAKNLNESLIDLQELGKYEQYIKWPW,exp-non-antiviral
YVTQQLIRAAEIRASANLAATKMSECVLGQSKRVDFCGKG,exp-non-antiviral
ENKCNGTDAKVKLIKQELDKYKNAVTELQLLMQST,exp-non-antiviral
IELSNIKENKCNGTDAKVKLIKQELDKYKNAVTEL,exp-non-antiviral
IKENKCNGTDAKVKLIKQELDKYKNAVTELQLLMQ,exp-non-antiviral
ITIELSNIKENKCNGTDAKVKLIKQELDKYKNAVT,exp-non-antiviral
KENKCNGTDAKVKLIKQELDKYKNAVTELQLLMQS,exp-non-antiviral
LSNIKENKCNGTDAKVKLIKQELDKYKNAVTELQL,exp-non-antiviral
NIKENKCNGTDAKVKLIKQELDKYKNAVTELQLLM,exp-non-antiviral
SNIKENKCNGTDAKVKLIKQELDKYKNAVTELQLL,exp-non-antiviral
TIELSNIKENKCNGTDAKVKLIKQELDKYKNAVTE,exp-non-antiviral
CGRCLQRACCKYCRLKCRLILFVIF,exp-non-antiviral
CVTCKSTVLCDKMQHPCRRGPRCISC,exp-non-antiviral
LLPIVGNLLNSLL,exp-non-antiviral
SLIGGLVSAFK,exp-non-antiviral
LFGLIPSLIGGLVSAFK,exp-non-antiviral
LQMDDFELL,exp-non-antiviral
CACIADHSH,exp-non-antiviral
CTCIADHRH,exp-non-antiviral
EEDDLAVLLALLA,exp-non-antiviral
RRKKAALLVLAALAVLA,exp-non-antiviral
RRKKAAV,exp-non-antiviral
RRKKAAVA,exp-non-antiviral
RRKKAAVAL,exp-non-antiviral
RRKKAAVALL,exp-non-antiviral
RRKKAAVALLP,exp-non-antiviral
RRKKAAVALLPA,exp-non-antiviral
RRKKAAVALLPAV,exp-non-antiviral
RRKKAAVALLPAVLL,exp-non-antiviral
RRKKALLAP,exp-non-antiviral
RRKKLALLAP,exp-non-antiviral
RRKKLAP,exp-non-antiviral
RRKKLLAP,exp-non-antiviral
AYQPLLSNTLAELYV,exp-non-antiviral
CIVEEVDARSVYPYD,exp-non-antiviral
CKNKEKKCCKNKEKKC,exp-non-antiviral
CPPPTGATVVQFEQP,exp-non-antiviral
CYSRPLVSFRYEDQG,exp-non-antiviral
DCIGKDARDAMDRIF,exp-non-antiviral
DDHETDMELKPANAA,exp-non-antiviral
DMELKPANAATRTSR,exp-non-antiviral
DNATVAAGHATLREH,exp-non-antiviral
DPKPKKNKKPKNPTP,exp-non-antiviral
DPTARLQLEARLQHLVAEILEREQSLALHA,exp-non-antiviral
DSGLLDYTEVQRRNQ,exp-non-antiviral
DVMAVSTCVPVAADN,exp-non-antiviral
DVREEEQLGERATGLNLNI,exp-non-antiviral
DYTEVQRRNQLHDLR,exp-non-antiviral
EARKLNPNAIASVTV,exp-non-antiviral
EEYAYSHQLSRADIT,exp-non-antiviral
EFVLATGDFVYMSPF,exp-non-antiviral
EPCTVGHRRYFTFGG,exp-non-antiviral
EQSRKPPNPTPPPPG,exp-non-antiviral
EVDEMLRSEYGGSFR,exp-non-antiviral
FEDRAPVPFEEVIDK,exp-non-antiviral
FSSDAISTTFTTNLT,exp-non-antiviral
FTFGGGYVYFEEYAY,exp-non-antiviral
GATVVQFEQPRRCPT,exp-non-antiviral
GENNELRLTRDAI,exp-non-antiviral
GGFLIAYQPLLSNTL,exp-non-antiviral
GGSFRFSSDAISTTF,exp-non-antiviral
GHRYSQFMGIFEDRA,exp-non-antiviral
GIGKFLKKAKKFGKAFVKILKK,exp-non-antiviral
GRRVSARMLGDVMAV,exp-non-antiviral
GSHTEHTTYAADRFK,exp-non-antiviral
GTPGVAAATQAANGG,exp-non-antiviral
GTTVNCIVEEVDARS,exp-non-antiviral
GWHTTDLKYNPSRVE,exp-non-antiviral
GYVYFEEYAYSHQLS,exp-non-antiviral
HTTYAADRFKQVDGF,exp-non-antiviral
IAVVFKENIAPYKFK,exp-non-antiviral
IAWCELQNHELTLWN,exp-non-antiviral
IDLNITMLEDHEFVP,exp-non-antiviral
IEFARLQFTYNHIQR,exp-non-antiviral
INAKGVCRSTAKYVR,exp-non-antiviral
ISTTFTTNLTEYPLS,exp-non-antiviral
KDVTVSQVWFGHRYS,exp-non-antiviral
KENIAPYKFKATMYY,exp-non-antiviral
KNKKPKNPTPPRPAG,exp-non-antiviral
KNPTPPRPAGDNATV,exp-non-antiviral
LGRVAIAWCELQNHE,exp-non-antiviral
LHDLRFADIDTVIHA,exp-non-antiviral
LQFTYNHIQRHVNDM,exp-non-antiviral
LQLEARLQHLVAEILER,exp-non-antiviral
LQNHELTLWNEARKL,exp-non-antiviral
LQVAERLTRKYNELLKSYQ,exp-non-antiviral
LRDIKAENTDANFYV,exp-non-antiviral
LRKEKKRLLLRKEKKRLL,exp-non-antiviral
LRSEYGGSFRFSSDA,exp-non-antiviral
LSNTLAELYVREHLR,exp-non-antiviral
LTLWNEARKLNPNAI,exp-non-antiviral
LVSFRYEDQGPLVEG,exp-non-antiviral
MDRIFARRYNATHIK,exp-non-antiviral
MTKWQEVDEMLRSEY,exp-non-antiviral
NELRLTRDAIEPCTV,exp-non-antiviral
NFHAMFQPFLEMIHEAQQ,exp-non-antiviral
NHIQRHVNDMLGRVA,exp-non-antiviral
NNLETTAFHRDDHET,exp-non-antiviral
NPNAIASVTVGRRVS,exp-non-antiviral
NYTEGIAVVFKENIA,exp-non-antiviral
PANAATRTSRGWHTT,exp-non-antiviral
PATPAPPPLGAAPTG,exp-non-antiviral
PLGEEMRDRARAHVDALRTHLA,exp-non-antiviral
PLVEGQLGENNELRL,exp-non-antiviral
PPNPTPPPPGASANA,exp-non-antiviral
PPPLGAAPTGDPKPK,exp-non-antiviral
PPPPGASANASVERI,exp-non-antiviral
PRPAGDNATVAAGHA,exp-non-antiviral
PSRVEAFHRYGTTVN,exp-non-antiviral
PSVCTMTKWQEVDEM,exp-non-antiviral
PVLDEFREKLNEELEALKQKMK,exp-non-antiviral
PYSDELRQRLAARLEALKENGG,exp-non-antiviral
QFEQPRRCPTRPEGQ,exp-non-antiviral
QFMGIFEDRAPVPFE,exp-non-antiviral
QLGENNELRLTRDAI,exp-non-antiviral
QRRNQLHDLRFADID,exp-non-antiviral
QVDGFYARDLTTKAR,exp-non-antiviral
RADITTVSTFIDLNI,exp-non-antiviral
RALVDTLKFVTQAEGAK,exp-non-antiviral
REHLREQSRKPPNPT,exp-non-antiviral
RHEIKDSGLLDYTEV,exp-non-antiviral
RPEGQNYTEGIAVVF,exp-non-antiviral
RRCPTRPEGQNYTEG,exp-non-antiviral
RSLEGTDRFPFVRLKNSRKLEFKDIKGIKREQFVKIL,exp-non-antiviral
RVDLGDCIGKDARDA,exp-non-antiviral
SHQLSRADITTVSTF,exp-non-antiviral
SMRISSRPGACYSRP,exp-non-antiviral
SQVWFGHRYSQFMGI,exp-non-antiviral
SRPGACYSRPLVSFR,exp-non-antiviral
STCVPVAADNVIVQN,exp-non-antiviral
SVERIKTTSSIEFAR,exp-non-antiviral
SWLSKTAKKLENSAKKRISEGIAIAIQGGPR,exp-non-antiviral
TAAGDARANAVAKAGLHDLNIETDTERNH,exp-non-antiviral
TAFHRDDHETDMELK,exp-non-antiviral
TGDFVYMSPFYGYRE,exp-non-antiviral
TLREHLRDIKAENTD,exp-non-antiviral
TMLEDHEFVPLEVYT,exp-non-antiviral
TRDAIEPCTVGHRRY,exp-non-antiviral
TRNLLTTPKFTVAWD,exp-non-antiviral
TRTSRGWHTTDLKYN,exp-non-antiviral
TTKARATAPTTRNLL,exp-non-antiviral
TTNLTEYPLSRVDLG,exp-non-antiviral
TVAWDWVPKRPSVCT,exp-non-antiviral
VAADNVIVQNSMRIS,exp-non-antiviral
VCRSTAKYVRNNLET,exp-non-antiviral
VDARSVYPYDEFVLA,exp-non-antiviral
VEGQLGENNELRLTRDAIE,exp-non-antiviral
VFQFLGKIIHHVGNFVHGFSHVF,exp-non-antiviral
VGQPQYYLANGGFLI,exp-non-antiviral
VIVQNSMRISSRPGA,exp-non-antiviral
VTDYGKDLMEKVKEWLNS,exp-non-antiviral
VTDYGKDLMEKVKSPELQ,exp-non-antiviral
VYPYDEFVLATGDFV,exp-non-antiviral
WVPKRPSVCTMTKWQ,exp-non-antiviral
YARDLTTKARATAPT,exp-non-antiviral
YEDQGPLVEGQLGEN,exp-non-antiviral
YGYREGSHTEHTTYA,exp-non-antiviral
YMSPFYGYREGSHTE,exp-non-antiviral
YQFHLVLHEALRAQALSRQLILGRELAQELVAELAT,exp-non-antiviral
YYQANGGFLIAYQPL,exp-non-antiviral
AAATQAANGGPATPA,exp-non-antiviral
AAGHATLREHLRDIK,exp-non-antiviral
AANGGPATPAPPPLG,exp-non-antiviral
AAPTGDPKPKKNKKP,exp-non-antiviral
ADRFKQVDGFYARDL,exp-non-antiviral
AELYVREHLREQSRK,exp-non-antiviral
AENTDANFYVCPPPT,exp-non-antiviral
AFHRYGTTVNCIVEE,exp-non-antiviral
AKYVRNNLETTAFHR,exp-non-antiviral
ANFYVCPPPTGATVV,exp-non-antiviral
ARLAEYHAKATEHLSTLSEKAK,exp-non-antiviral
ARMLGDVMAVSTCVP,exp-non-antiviral
ARRYNATHIKVGQPQ,exp-non-antiviral
ASANASVERIKTTSS,exp-non-antiviral
ASVTVGRRVSARMLG,exp-non-antiviral
ATAPTTRNLLTTPKF,exp-non-antiviral
ATHIKVGQPQYYQAN,exp-non-antiviral
ATMYYKDVTVSQVWF,exp-non-antiviral
DITLNNSVALDPIDISIELNKAKSDLEESKEWIR,exp-non-antiviral
NDITLNNSVALDPIDISIELNKAKSDLEESKEWIR,exp-non-antiviral
TPNDITLNNSVALDPIDISIELNKAKSDLEESKEW,exp-non-antiviral
VALDPIDISIELNKAKSDLEESKEWIRRSNQKLD,exp-non-antiviral
YTPNDITLNNSVALDPIDISIELNKAKSDLEESKE,exp-non-antiviral
GRKKRRQRRRC,exp-non-antiviral
ANGSRIPTGERVWDRGNVTL,exp-non-antiviral
AQLLESVLQEERILALHAQARERLT,exp-non-antiviral
ARANVKHLKILNT,exp-non-antiviral
ARLKNNNRQVCID,exp-non-antiviral
CALQIVARLKNNN,exp-non-antiviral
CGTCVRDCWPETGSVRFPFH,exp-non-antiviral
CPCRFFES,exp-non-antiviral
CRANGSRIPTGERVWDRGNV,exp-non-antiviral
CSCRANGSRIPTGERVWDRG,exp-non-antiviral
DLEAVPFVNRTTPFTIRGPL,exp-non-antiviral
DPKLKWIQEYLEK,exp-non-antiviral
ELSEWGVPCVTCILDRRPAS,exp-non-antiviral
ETGSVRFPFHRCGTGPRLTK,exp-non-antiviral
FFESHVARANVKH,exp-non-antiviral
GAPASVLGSRPFDYGLKWQS,exp-non-antiviral
GICICICGRGICYCICGR,exp-non-antiviral
GICICICGYGICRCICGR,exp-non-antiviral
GICYCICGRGICRCICGR,exp-non-antiviral
GLTGGFYEPLVRRCSELMGR,exp-non-antiviral
GNQGRGNPVRSPLGFGSYTM,exp-non-antiviral
GSRIPTGERVWDRGNVTLLC,exp-non-antiviral
HLKILNTPNCALQ,exp-non-antiviral
HWSHGQNQWPLSCPQYVYGS,exp-non-antiviral
ILNTPNCALQIVA,exp-non-antiviral
ISSEVHIPLGDARLV,exp-non-antiviral
ITTYWGLHTGERDWHL,exp-non-antiviral
IVWQVDRM,exp-non-antiviral
KCPTPAIEPPTGTFGFFPGV,exp-non-antiviral
KNNNRQVCIDPKL,exp-non-antiviral
KPVSLSY,exp-non-antiviral
KPVSLSYR,exp-non-antiviral
KPVSLSYRC,exp-non-antiviral
KPVSLSYRCP,exp-non-antiviral
KPVSLSYRCPCRFFE,exp-non-antiviral
KPVSLSYRCPCRFFES,exp-non-antiviral
LGDARLVITTYWGLHT,exp-non-antiviral
LGSSDRDTVVELSEWGVPCV,exp-non-antiviral
LQARILAVERYLKDQQQ,exp-non-antiviral
LSCPQYVYGSVSVTCVWGSV,exp-non-antiviral
LSSGRPDGFIHVQGHLQEVD,exp-non-antiviral
LSYRCPCRFFES,exp-non-antiviral
MENRWQVM,exp-non-antiviral
NRQVCIDPKLKWI,exp-non-antiviral
NVKHLKILNTPNC,exp-non-antiviral
PCRFFES,exp-non-antiviral
PCRFFESHVARAN,exp-non-antiviral
PFDYGLKWQSCSCRANGSRI,exp-non-antiviral
PPINNCMPLGTEVSEALGGA,exp-non-antiviral
PVSLSYRCPCRFFES,exp-non-antiviral
QAVGWGDPITHWSHGQNQWP,exp-non-antiviral
QIVARLKNNNRQV,exp-non-antiviral
RCGTGPRLTKDLEAVPFVNR,exp-non-antiviral
RCPCRFFES,exp-non-antiviral
RHHYESPHPRISSEV,exp-non-antiviral
RIRTWKSLVKHHM,exp-non-antiviral
RNPVCPGYAWLSSGRPDGFI,exp-non-antiviral
SHVARANVKHLKI,exp-non-antiviral
SKIDVWSLVPVGSASCTIAA,exp-non-antiviral
SLSYRCPCRF,exp-non-antiviral
SLSYRCPCRFFES,exp-non-antiviral
SSESFTLLEQWNNWKLQLAEQWLEQINEKHYLEDIS,exp-non-antiviral
SWFASTGGRDSKIDVWSLVP,exp-non-antiviral
TCILDRRPASCGTCVRDCWP,exp-non-antiviral
TEVSEALGGAGLTGGFYEPL,exp-non-antiviral
TGTFGFFPGVPPINNCMPLG,exp-non-antiviral
TKIRDSLHLVKCPTPAIEPP,exp-non-antiviral
TPNCALQIVARLK,exp-non-antiviral
TTPFTIRGPLGNQGRGNPVR,exp-non-antiviral
VCIDPKLKWIQEY,exp-non-antiviral
VGSASCTIAALGSSDRDTVV,exp-non-antiviral
VRRCSELMGRRNPVCPGYAW,exp-non-antiviral
VSLSYRCPCRFF,exp-non-antiviral
VSLSYRCPCRFFES,exp-non-antiviral
VSVTCVWGSVSWFASTGGRD,exp-non-antiviral
YRCPCRFFES,exp-non-antiviral
YRCPCRFFESHVA,exp-non-antiviral
SVSVGMKPSPRP,exp-non-antiviral
SVSVGTKPRPRP,exp-non-antiviral
SVSWGMKPSPRQ,exp-non-antiviral
TSYHRSA,exp-non-antiviral
CKWEEAKVKFHCQRTQSQPGSW,exp-non-antiviral
CTSDLPSSWGYMNCNCTNSSSS,exp-non-antiviral
EGPTLGNGAREIWATLFKKA,exp-non-antiviral
FHCQRTQSQPGSWFRAISSWKQ,exp-non-antiviral
FLYTAFAMQELGCNQNQFFC,exp-non-antiviral
GGKMLYNKVTKQLSYCTDPL,exp-non-antiviral
GKINISLCLTGGKMLYNKVT,exp-non-antiviral
GNTPNVSGANPVDCTMYSNK,exp-non-antiviral
GSWFRAISSWKQRNRWEWRPDF,exp-non-antiviral
GWWNQMAYYNSCKWEEAKVK,exp-non-antiviral
IFWDCWAPEEPACQDFLGAMIH,exp-non-antiviral
KIPLELWTRYNMTINQTIWN,exp-non-antiviral
KQRNRWEWRPDFKSKKVKISLPC,exp-non-antiviral
KRWNETITGPSGCANNTCYN,exp-non-antiviral
KSKKVKISLPCNSTKNLTFA,exp-non-antiviral
LKAKTNISIREGPTLGNWAR,exp-non-antiviral
MPEVEGEEIQPQMELRRNGR,exp-non-antiviral
NIAGNWSCTSDLPSSWGYMN,exp-non-antiviral
NMTINQTIWNHGNITLGEWY,exp-non-antiviral
PNQTCMWNTSQIQDPEIPKC,exp-non-antiviral
PPLVVPVEESEIIFWDCWAPEE,exp-non-antiviral
PQMELRRNGRQCGMSEKEEE,exp-non-antiviral
PVDCTMYSNKMYNCSLQNGF,exp-non-antiviral
QIPLINYTFGPNQTCMWNTS,exp-non-antiviral
QIQDPEIPKCGWWNQMAYYN,exp-non-antiviral
RNKSNLHTEARFRIRCRWNV,exp-non-antiviral
SGCANNTCYNVSVIVPDYQC,exp-non-antiviral
TGAWIEFGCHRNKSNLHTEA,exp-non-antiviral
TLVDCIRNCIHKILGYTVIA,exp-non-antiviral
YLDRVDTWLQGKINISLCLT,exp-non-antiviral
FDSQQGWFEGWFNRS,exp-non-antiviral
GLVRDNMAKLRERLK,exp-non-antiviral
KQRQQLFDSQQGWFEGWFNRSPWFT,exp-non-antiviral
QRQQLFDSQQGWFEG,exp-non-antiviral
RERLKQRQQLFDSQQ,exp-non-antiviral
YADHTGLVRDNMAKL,exp-non-antiviral
TTVKVHASDERLGPMPCRPKEIVSSAGPVM,exp-non-antiviral
VEDTLYGDHECGSLLQDAALYLVDGMTNTI,exp-non-antiviral
VKQCRWCGFDFDGPDGLPHYPIGKCILANE,exp-non-antiviral
VPTHLATDVELKEIQGMMDASEGTNYTCCK,exp-non-antiviral
WCNWHNIDPWIQLMNRTQADLAEGPPVKEC,exp-non-antiviral
FDIVKKIAGHIAGSI,exp-non-antiviral
GLFDIVKKIAGHIA,exp-non-antiviral
GLLQTIKEKLKEFAGGVVTGVQS,exp-non-antiviral
LDIVKKVVGAFGSL,exp-non-antiviral
AVSNPEATKC,exp-non-antiviral
CIKRDSP,exp-non-antiviral
DSHAKRHHGYKRKFHEKHH,exp-non-antiviral
FIQYLAPLIPHAVKAISDLI,exp-non-antiviral
FKCRRWQWRMKKAGA,exp-non-antiviral
FLEGFLVPKVVPGPTAALLKKALDD,exp-non-antiviral
GFMKYIGPLIPHAVKAISDLI,exp-non-antiviral
GLIQTIKEKLKELAGGLVTGIQS,exp-non-antiviral
GLLASLGKVLGGYLAEKLKP,exp-non-antiviral
GLLASLGKVLGGYLAEKLKPK,exp-non-antiviral
GLLDIVTGLLGNLIVDVLKPKTPAS,exp-non-antiviral
GLLGSIGKVLGGYLAEKLKPK,exp-non-antiviral
GLLGSIGNAIGAFIANKLKP,exp-non-antiviral
GLLGSIGNAIGAFIANKLKPK,exp-non-antiviral
GLLQTIKEKLKELATGLVIGVQS,exp-non-antiviral
GLLQTITEKLKEFAGGLVTGVQS,exp-non-antiviral
GLWQLIKDKFKDAATGFVTGIQS,exp-non-antiviral
GLWQLIKDKIKDAATGFVTGIQS,exp-non-antiviral
GLWQLIKDKLKDAATGFVTGIQS,exp-non-antiviral
GRRRRSVQW,exp-non-antiviral
ILGTILGLLKSL,exp-non-antiviral
INWLKLGKAIIDAL,exp-non-antiviral
IVSYPDDAGEHAHKMG,exp-non-antiviral
KKKKKKKK,exp-non-antiviral
KKKKKKKKLLLLLLLL,exp-non-antiviral
KKWWKAKKFANSGPNA,exp-non-antiviral
KKWWKAQKAVNSGPNA,exp-non-antiviral
KLAKKLAKLAKKLAKLAKKLA,exp-non-antiviral
KVLKVLKVL,exp-non-antiviral
KWKSFIKKLTSAAKKVVTTAKPLISS,exp-non-antiviral
LKLKLKLKLKLKLK,exp-non-antiviral
LKLKLKLKLKLKLKLK,exp-non-antiviral
RGGRLTYTRPRFTVTVGR,exp-non-antiviral
RKVRGPPVSCIKRDSP,exp-non-antiviral
RNMRKVR,exp-non-antiviral
RRFPWWWPFRR,exp-non-antiviral
TGCFQWQRN,exp-non-antiviral
TKCFGWGRN,exp-non-antiviral
TKCFQWQGN,exp-non-antiviral
TKCFQWQRN,exp-non-antiviral
VRNRVIARVGGVPYVGGPCYN,exp-non-antiviral
VRRFPWWWPFLRR,exp-non-antiviral
WALRWALRWALRWALRWALR,exp-non-antiviral
IIYCNRRTGKC,exp-non-antiviral
YCNRRTGKCQRM,exp-non-antiviral
KCRRWQWRMKKLGAPSITCVRRA,exp-non-antiviral
GPPISLERLDVGTNLGNAIAKLEAKELLESSDQI,antiviral
KVLHLEGEVNKIALLSTNKAVVSLSNGVSVLTS,antiviral
DFLEENITALLEEAQIQQEKNMYELQKLNSWDVFG,antiviral
EGPTLGNWAREIWATLFGKA,antiviral
NWAREIWATLFKKA,antiviral
FAIKWEYVLLLFLL,antiviral
SWLRDIWDWKCEVLSDFK,antiviral
SWLRDIWDWLCEVLSDFK,antiviral
SWLRDIWDWICEVLSDFK,antiviral
SWLRDIWDWICEVLSD,antiviral
TWLRAIWDWVCTALTDFK,antiviral
VANDPIDISIELNKAKSDLEESKEWIRRSNQKLDSD,antiviral
ANTAFVSSAHNTQKIPAGAPFNRNLRAMLADLRQNAAFAG,antiviral
EQCREEEDDR,antiviral
GGTIFDCGETCFLGTCYTPGCSCGNYGFCYGTN,antiviral
GICRCICGKGICRCICGR,antiviral
GICRCICGRGICRCICGR,antiviral
GIKEWKRIVQRIKDFLRNLV,antiviral
GLPVCGETCVGGTCNTPGCTCSWPVCTRN,antiviral
GVCRCLCRRGVCRCICRR,antiviral
KTCENLADTY,antiviral
LEAIPCSIPPCFLFGKPFVF,antiviral
LEAIPISIPPELAFAKPFVF,antiviral
LEAIPMSIPPEVFFGKPFVF,antiviral
LSYRCPCR,antiviral
WMEWDREIEELAKKAEELAKKAEELAKKAWASLWNWF,antiviral
YALLIRMIYKNI,antiviral
YQLLARMIYKNI,antiviral
YQLLIAMIYKNI,antiviral
YTSLIHSLIEESQNQQEKNEQELLEFDKWASLWNWF,antiviral
YTSLIHSLIEESQNQQEKNEQELLELNKWASLWNWF,antiviral
GLFGVLGSIAKHVLPHVVPVIAEKL,antiviral
DWHLGQGVSIEWRKK,antiviral
FLFPLITSFLSKVL,antiviral
GLFDIIKKIAESW,antiviral
GWLKKIESIIDAF,antiviral
HVDKKVADKVLLLKQLRIMRLLTRL,antiviral
TTWEAWDRAIAEYAARIEALIRAAQEQQEKNEAILREL,antiviral
TTWEAWDRAIAEYAARIEALIRASQEQQEKNEAELREL,antiviral
ELNKAKSDLEESKEWIRRSNQKLDSIGNWHQSSTT,antiviral
IELNKAKSDLEESKEWIRRSNQKLDSIGNWHQSST,antiviral
AAHLIDALYAEFLGGRVLTT,antiviral
HRWRKRWRKHRWRKRWRK,antiviral
KRWRKRWRKWRWRKRWRK,antiviral
RTRKRGRKRTRKRGRK,antiviral
RGGKIAGKIAKIAGKIAKIAGKIA,antiviral
ISIELNKAKSDLEESKEWIRRSNQKLDSIGNWHQS,antiviral
RRKKAAVALLPAVLLA,antiviral
RRKKAAVALLPAVLLAL,antiviral
GPPISLERLDVGTNLGNAIAKLEDAKELLESSDQI,antiviral
HRIDLGPPISLERLDVGTNLGNAIAKLEDAKELLE,antiviral
ISLERLDVGTNLGNAIAKLEDAKELLESSDQILRS,antiviral
CGECGGGHIVGRFCMVVRFLRLVFI,antiviral
CRCCELKSLCPTLMRVVRLLGLVLL,antiviral
LVFPSDEFDASISQVNEKINQSLAFIRKSDELLHN,antiviral
KWKLFKKIGIGKFLHVAKKF,antiviral
CDVIALLCHLNT,antiviral
GDISGINASVVNIQKEIDRLNEVAKNLNESLIDLQELGKY,exp-non-antiviral
PDVDLGDISGINASVVNIQKEIDRLNEVAKNLNESLIDLQ,exp-non-antiviral
ELSNIKENKCNGTDAKVKLIKQELDKYKNAVTELQ,exp-non-antiviral
CATCIADHRSH,exp-non-antiviral
KKLAVLLALLA,exp-non-antiviral
RRKKAAVALLPAVL,exp-non-antiviral
RRKKLLALLAP,exp-non-antiviral
DARDAMDRIFARRYN,exp-non-antiviral
DLKYNPSRVEAFHRY,exp-non-antiviral
EVIDKINAKGVCRST,exp-non-antiviral
EYPLSRVDLGDCIGK,exp-non-antiviral
FADIDTVIHADANAA,exp-non-antiviral
HVNDMLGRVAIAWCE,exp-non-antiviral
KFMETVAEKALQEYRK,exp-non-antiviral
LEVYTRHEIKDSGLL,exp-non-antiviral
PVPFEEVIDKINAKG,exp-non-antiviral
PYKFKATMYYKDVTV,exp-non-antiviral
PYLDDFQKKWQEEMELYRQKVE,exp-non-antiviral
RLTGLLATSGFAFVNAAHANGAVCLSDLLGFLAHSRALAG,exp-non-antiviral
TVSTFIDLNITMLED,exp-non-antiviral
PNDITLNNSVALDPIDISIELNKAKSDLEESKEWI,exp-non-antiviral
APTSPGTPGVAAATQ,exp-non-antiviral
KPVSLSYRCPC,exp-non-antiviral
SPLGFGSYTMTKIRDSLHLV,exp-non-antiviral
EGPTLGNWAREIGATLFKKA,exp-non-antiviral
FNMTKAVEMVNIAGNWSCTS,exp-non-antiviral
GSDTSLIDTCGNTPNVSGAN,exp-non-antiviral
HKILGYTVIAMPEVEGEEIQ,exp-non-antiviral
KQLSYCTDPLQIPLINYTFG,exp-non-antiviral
LGCNQNQFFCKIPLELWTRY,exp-non-antiviral
VSVIVPDYQCYLDRVDTWLQ,exp-non-antiviral
NMAKLRERLKQRQQL,exp-non-antiviral
ELLFDGTNPSTEEMGDDFRSGLCPFDTSPV,exp-non-antiviral
TLKNRYYEPRDSYFQQYMLKGEYQYWFDLD,exp-non-antiviral
FKCRRWQARMKKLGA,exp-non-antiviral
GLLASLGKVFGGYLAEKLKPK,exp-non-antiviral
GLVSSIGKALGGLLADVVKSKGQPA,exp-non-antiviral
KAAKKAAKAAKKAAKAAKKAA,exp-non-antiviral
KKKSFIKLLTSAKVSVLTTAKPLISS,exp-non-antiviral
RVGGRVGGRVGGRVGGRVGG,exp-non-antiviral
TKCGQWQRN,exp-non-antiviral
NLFSALSLDTWVL,random-seq-non-antiviral
HNGPAHWHEHFPIANGERQSPIA,random-seq-non-antiviral
LLAVSLILLYLYGTRTHGLFKKL,random-seq-non-antiviral
NLGPPSFPHHRATLRLSEK,random-seq-non-antiviral
LLYTCLLWLLSSGLWTVQAMDPNAAYMNTSRHHRVLA,random-seq-non-antiviral
DRVKWTRSSAAKRAACLVAAAYALKTLYPIIGKRLKQSGH,random-seq-non-antiviral
MFVTDFRKEFYETVHNQRVLLFVASDVD,random-seq-non-antiviral
NAQMSEDSHSSSVRSQN,random-seq-non-antiviral
ALFLVALLAFLSLGSGCHHRLCHCSNGVFLCQDS,random-seq-non-antiviral
LLVCLTVMVLMSVWQQRKSKGKLP,random-seq-non-antiviral
GKVIKCKAAVLWEANKPFSLEEVEVAPPKAHEVRIKIVAT,random-seq-non-antiviral
IKCRAAVLWEKNKPFSIEEVEVAPPKAYE,random-seq-non-antiviral
DDREDLVYQAKLAE,random-seq-non-antiviral
EHVSSSEEPINIFQEIYKQEKNMAIHPRKE,random-seq-non-antiviral
VYRFFTRLGQIYQSWLDKSTPYTA,random-seq-non-antiviral
PGHQLDDIPSTNVYRPPPRHEDDEAEHALLHQN,random-seq-non-antiviral
GSRLPCGLAP,random-seq-non-antiviral
PCDPGPQKFFSFGTKTLYQSIDAPQSKFF,random-seq-non-antiviral
LLILTCLVASAVAMPKFPFRHTELFQTQRGGSSSSSS,random-seq-non-antiviral
SLLLAGFIPPSQGQEKSKTDCHAGVGGTIYEYG,random-seq-non-antiviral
KQRMEQYISSEESMDN,random-seq-non-antiviral
FLCLLRFCFSATR,random-seq-non-antiviral
SCWALLGTTFGCGVPAIHPVLSGLSRIVNGE,random-seq-non-antiviral
LTADFREDGDSRKVNLGVGAYRTDEGQPWVLPV,random-seq-non-antiviral
GCPVSDPFTTQRIPLDSTGY,random-seq-non-antiviral
LLFLCFHLRFCKVTYTSQEDLVEKKCLAKKYTHLSCD,random-seq-non-antiviral
EAEGESLESWLNK,random-seq-non-antiviral
EQLSKSTRDFIEGGADDSITRDDNIAAFKRIR,random-seq-non-antiviral
FLLLMSLYLLGSARGTSGQSDESSGSIDHQT,random-seq-non-antiviral
DGGWGWVVLGACFVV,random-seq-non-antiviral
ALTLPFLAAEIQ,random-seq-non-antiviral
CGACTCGAAAARLLTTS,random-seq-non-antiviral
QAQPVLVFKLTADFREDPDPRKVNLGVGAYRTDDS,random-seq-non-antiviral
ASELLLASTVFCLVLWVV,random-seq-non-antiviral
TRATSLGRPEEEEDELAHRCSSFMAPPVT,random-seq-non-antiviral
AVAAPEGGNKENAAVKGSSKVKV,random-seq-non-antiviral
KTHINIVVIGHVDSGKSTTTGHLIYKCGGIDKRTIEKF,random-seq-non-antiviral
AAAGGGGGGAAGRAYSFKVVLLG,random-seq-non-antiviral
GLRVFQSVKIKIGEAKNLPSYPGP,random-seq-non-antiviral
MQIFWHDGAESLYPAVWLRD,random-seq-non-antiviral
SQTHGIQQLLAAE,random-seq-non-antiviral
DESLESTRRILGLAIESQDAGIKTIT,random-seq-non-antiviral
MSMNSKQAFSMHPILHEPKYPHLHTSSE,random-seq-non-antiviral
KYEDCEDRHDGTSNGTARLPQLGTVGQSPYTSAPPLS,random-seq-non-antiviral
VLGDLQAAPEAQVSVQPNFQQDKFL,random-seq-non-antiviral
AGKVIKCKAAVLWELKKPFSIEEVEVAPPKAHE,random-seq-non-antiviral
FQNAQMSEDNHLSNTV,random-seq-non-antiviral
ADIIMEKLTEKQTEVETVMSEVSGFPMPQL,random-seq-non-antiviral
CFFLSLFNFCSSAIRRYYLGAVELSWNYIQSD,random-seq-non-antiviral
RVDHLLSAVESELQAGSEKGDPTERELRVA,random-seq-non-antiviral
SEEAEGPCQEANQEYQEPVCSPVPEPEPEPEP,random-seq-non-antiviral
LAGPWLALNRARTLGTRAVLAPKG,random-seq-non-antiviral
DTSVLLLLAVLLSFLLFLVRGHAKVHGHLPP,random-seq-non-antiviral
LARRHLSSAPEGLKQTPLDALHRARGGRMVPFAGWSL,random-seq-non-antiviral
IFILGYLLSPTLQQYQQIPPRDYENKNYFLVELNTTN,random-seq-non-antiviral
SFPVNRFNIADNTPPTLDF,random-seq-non-antiviral
YHGRGDGYD,random-seq-non-antiviral
EAGMYPGTLRSPG,random-seq-non-antiviral
MNASQVAGEEAPQSGHSVKVVLVGDGGCGKTSLMMVF,random-seq-non-antiviral
RLRNPPVNAISTTLLRDIKEGLQKAGRDHTIKAIVIC,random-seq-non-antiviral
PGAVRSPAQILQWQALPNTVPATSCQA,random-seq-non-antiviral
QRIRSFPDFPTPGV,random-seq-non-antiviral
SVTLPSICSHFNPLSLEELG,random-seq-non-antiviral
SRSLKAM,random-seq-non-antiviral
VIGAGVIGLSTALCIHERYHSVLQP,random-seq-non-antiviral
YPGPARPSSLGLGPPTYAPPGPAPAPPQYPDFAGYTH,random-seq-non-antiviral
PHKPFTIEDIEVAPPKAHEVRIKMVATGVCRSDDHA,random-seq-non-antiviral
FSVGPTSPSAVVLLYSKELK,random-seq-non-antiviral
IVMVGDGGVGKSAMTIQFIQSTFV,random-seq-non-antiviral
EMCILIDENDNKIGADTKKNCHLNENIDKGLLHRA,random-seq-non-antiviral
FVGWNALLLLFFWTRPAPGRLPSD,random-seq-non-antiviral
GSVTAMTVFFPLDTA,random-seq-non-antiviral
AGRGLCPHGARAKAAIP,random-seq-non-antiviral
KLVYMQLWIQLGSERGCGRAWPGEHLSSW,random-seq-non-antiviral
MLRKLWRRKLFSFPTKYYFLFLAFSVVTFTVLRI,random-seq-non-antiviral
LWLGLALLGTLGVLQTPAQASLQPN,random-seq-non-antiviral
DSHKSTTSETAPQPGSAVQGAHIS,random-seq-non-antiviral
SRCWFLAWNPAGTLLASCGGDRRIRIWG,random-seq-non-antiviral
DHLLSAVENELQ,random-seq-non-antiviral
STGCVIAGRLANVDENLKVLLIENGENNLN,random-seq-non-antiviral
IELFNAFPSLLRHFPGSHNTIFKNMTEQRK,random-seq-non-antiviral
AQKDLWDAIVIGA,random-seq-non-antiviral
RDIVNLKKSEFWNKGGPAWQKI,random-seq-non-antiviral
RSVLVKGCQPLLSAPREGPGHPRVPTGEGAGMSS,random-seq-non-antiviral
IGVFKNIEYMCSRTSSKTWGKDA,random-seq-non-antiviral
YITLCFWWAFSTSALVSSQQIPLK,random-seq-non-antiviral
RRSPSPTPTPGPSRRGPSLGASSHQHSRRRQGWLKEIR,random-seq-non-antiviral
AAAAAAAAAGETS,random-seq-non-antiviral
ALARELEELNVPGEIVESL,random-seq-non-antiviral
IIMLDVDPRRPAPQLTSRPYFSPH,random-seq-non-antiviral
HNNYKKNDELEFVRTGYGKDMVK,random-seq-non-antiviral
VEKTLTALPGLFLQNQPG,random-seq-non-antiviral
LSAASHRIPLSDGNSIPIIGLGTYSEPKSTPKGACATSV,random-seq-non-antiviral
FTFGKTKFAENIPSKFWF,random-seq-non-antiviral
AYQRALAAHPWKVQVLTAGSLMGLGDIISQ,random-seq-non-antiviral
LVAVALARPKHPINHRGLSPEV,random-seq-non-antiviral
LPGGGASLGAAREHVQAVTRNYITHPRITYRT,random-seq-non-antiviral
ALSQYTSLSTELVLATAIFCIVFWVARALRTQVPKGLK,random-seq-non-antiviral
ILTCLVAVAL,random-seq-non-antiviral
RNSYRKSPSRRNR,random-seq-non-antiviral
LLLALTTGFLIFLVSQSQPKTHGH,random-seq-non-antiviral
PPAGLLSDEDVVDSPILESTAADLRSVVRKDLLSDC,random-seq-non-antiviral
PTVAPGEV,random-seq-non-antiviral
IQLLFYVNGQKVVEKNVDPEMMLL,random-seq-non-antiviral
MDIEAYFERIGYNNPVYTLDLATLTEVLQH,random-seq-non-antiviral
FGRYAFTVRALSSLPDKKKEFLHNGP,random-seq-non-antiviral
TILVPTLSE,random-seq-non-antiviral
LLLGMRRRQTGEPPLENGIIPYLGCALQFGANPLEFL,random-seq-non-antiviral
VGRVAAAPASGALRRLTPSASLPPAQLLLRAAPTAVH,random-seq-non-antiviral
RNLRSIQMPRARTFS,random-seq-non-antiviral
AVEFLLDQSIADSPLAKKVEFLESKGLTQ,random-seq-non-antiviral
RPVPHRSKVCRCLFGPVDSEQLRRD,random-seq-non-antiviral
LFKELHEGLADKS,random-seq-non-antiviral
MTRRTTINPDSVVLNPQKFIQ,random-seq-non-antiviral
TALCIHELYHSALQPLDMTIYADRFTP,random-seq-non-antiviral
LDAITSKNPDDVVITAAYRTA,random-seq-non-antiviral
DEVSKYEKLAKIGQGTFGEVFKAR,random-seq-non-antiviral
PEYDYLFKLLLIGDSGVGK,random-seq-non-antiviral
IFSLYLMLDRGHLDYPRGP,random-seq-non-antiviral
ASDSEEEVCDERTSLMSAESPTPR,random-seq-non-antiviral
NDEVEFVRTGYGKDMV,random-seq-non-antiviral
DGSGEQPRGGGPTSSEQIMKTGA,random-seq-non-antiviral
CVPADINKEEEFVEEFNRLKTFANFPSG,random-seq-non-antiviral
NLTETHNFSSTNLD,random-seq-non-antiviral
ACGCPLYWKGPLFYGAGGERTGSVS,random-seq-non-antiviral
SDNPFNASLLDEDSNREREILDATAEAL,random-seq-non-antiviral
ERVFAAEALLKRRIRKGRMEYLVKWK,random-seq-non-antiviral
NVGHPQSSPQGPLTEQ,random-seq-non-antiviral
EPIVKSFHFVCLMIIIVGTRIQFSDGNEFA,random-seq-non-antiviral
AWGLRLGRGVG,random-seq-non-antiviral
FTCLLAVALAKNGIEQRSASEEI,random-seq-non-antiviral
NRLGSPQRDGPYSPSAQPQY,random-seq-non-antiviral
HLDKQQVQLLAEMCILI,random-seq-non-antiviral
SPPDRLSVFAESAHLPLSRPFYLDPMVTVHLCPETPVPA,random-seq-non-antiviral
GSEEEDMDALLNNS,random-seq-non-antiviral
LGRPSAGAVVAHPTSGTISSASFHPQQFQYTLD,random-seq-non-antiviral
LLLLSLWKQSYGGGKLPPGPTPFPILGNILQIGI,random-seq-non-antiviral
LLLVSAVFCLVFWAVRASR,random-seq-non-antiviral
KWNGWGDTRKFLHQLKPSGT,random-seq-non-antiviral
DSEGLTTQWREEDEEEA,random-seq-non-antiviral
AVIGAGVIGLSTALCIHERYHPTQPLHMKIYADRFTPFTT,random-seq-non-antiviral
MMSFLPYFSAETWTLLALLITLIVVYGYWPYGVFT,random-seq-non-antiviral
SPVFSMRTMHANLAHRGIF,random-seq-non-antiviral
IFIVFSVFNFGGDPSFQRLNISDPLRLTQVCTSFI,random-seq-non-antiviral
AGSVRMRDLRNPH,random-seq-non-antiviral
IPAASGPFPPNREILSGSRAP,random-seq-non-antiviral
SKGTSHEAGIVCRITKPALLVLNHET,random-seq-non-antiviral
FHNQKQVTRGFAGGVKTVTLIPGDGIGPEISA,random-seq-non-antiviral
TLKDITRRLKSIKNIQKITKSMKMVAAAKYARAE,random-seq-non-antiviral
LLSLWRQSS,random-seq-non-antiviral
ELVFFVNGKKVVEKNADPETTLLAYLRRKLGLRGTKLGC,random-seq-non-antiviral
AFTVSSETGSISSEESVEHINEKL,random-seq-non-antiviral
VVVLTCLSVMIIMSVWRQRRLLRKMPPGPTPLPFIGN,random-seq-non-antiviral
ASELLFYVNGRKVIEKNVDPETML,random-seq-non-antiviral
ENGPDQWSKLYP,random-seq-non-antiviral
SMSATEFLLASVIFCLVFWVIRASRPQVPKGLKNPPGPWG,random-seq-non-antiviral
KSLEECLEKHLPLPDLQEVKRVLYGKELRKLDLPREAFE,random-seq-non-antiviral
SNGSAECTGEGGSKEVVGTFKAKDLIVTPATIL,random-seq-non-antiviral
IPPSAKYGGILTVTMSPGDG,random-seq-non-antiviral
ASVVILMVTVLKL,random-seq-non-antiviral
LALTLPFLGAQEQ,random-seq-non-antiviral
ALLASALCTFVLPLLLFLAAIKLWDLYCVSG,random-seq-non-antiviral
WTVQAMDPNAAYVNMSNHHRG,random-seq-non-antiviral
LFSLWRQSCRRRKLPPGPTPLPII,random-seq-non-antiviral
QTQTCEAEKCEMV,random-seq-non-antiviral
RTPSDVKELVLDNCRSNEGKIEGLTDEFEELEFLSTINV,random-seq-non-antiviral
VSNGSPSLERMDARQAEHPKPSAC,random-seq-non-antiviral
VTQADVGSALANLKIPGVGS,random-seq-non-antiviral
SALVKACPPILSTVGEGWGHHRVGTGEGAGISTKTPRP,random-seq-non-antiviral
VARTGSCPLSAL,random-seq-non-antiviral
QNERTYEVPDQPEENESPHYDDVHEY,random-seq-non-antiviral
FVQTRAASIISDRDVEVDISLTR,random-seq-non-antiviral
PAVSLAVCALLFLLWVRLKGLEFVLIHQRWVFVCLFLLP,random-seq-non-antiviral
RTASRASAWVGNP,random-seq-non-antiviral
YCESPAAAMDAYYSPVSQSREGSSP,random-seq-non-antiviral
NAGGWFSSWFFSNTANEDQDDMLPSTSAAAGETNYARN,random-seq-non-antiviral
RCGGGARACRRACRCWLSGY,random-seq-non-antiviral
KLDFLGEGQFATVYKARDKNT,random-seq-non-antiviral
LVEMVQALYEAPAYHLILEG,random-seq-non-antiviral
GRRMDVTSSSASVRAFLQRGHTE,random-seq-non-antiviral
HLGRPSALQIVAHPVSGPASPANFCPEQFQYTLDNNVLSL,random-seq-non-antiviral
VLGHLAGRPESSSALQAAPCSATFPQASAS,random-seq-non-antiviral
LRNLFRRRLFSCPTKYYFMLLVLSLITFSVLR,random-seq-non-antiviral
SRFSVGSASPSSVLLYAKDL,random-seq-non-antiviral
CPRLSLRPQVPAVRRLGTGSLLLSARKFTDKHE,random-seq-non-antiviral
LFLAAVRLWDLYCASGRDPSCPLP,random-seq-non-antiviral
ALPACGLPSARHNSSMPVVRQALSPDNSSTVQNF,random-seq-non-antiviral
LALVCLLLTLSSRDKGKL,random-seq-non-antiviral
ASGLLLAALLACLTVMILLSV,random-seq-non-antiviral
FREVLHCLKMRSKYAVLLVFVVGLVIIEKENNFISRVSD,random-seq-non-antiviral
HAQKQLSKTSWDFIEGEADDGITYSENIAAFKRIRLR,random-seq-non-antiviral
AVLVLVFILSSLVFLSLWRQSSERRKLPPGPTPLPII,random-seq-non-antiviral
EPSYELQNAHSGLFHSSNEELTNRNQRYTNQNAS,random-seq-non-antiviral
IPQHRQWTELNSAHLPDKPSSMEQPTGESHGPLDSLRA,random-seq-non-antiviral
ALGEVEDEGLLASLFRDR,random-seq-non-antiviral
SGKDNGCGIPQHQQWTELNS,random-seq-non-antiviral
FLVEQMWAPLWSRSMRPGRWCSQRSCAWQTSNN,random-seq-non-antiviral
QQLSSLSTQQTTLLLLF,random-seq-non-antiviral
MSMLHLLAGIHSAPLASASVCS,random-seq-non-antiviral
PSETAVPPPHPIPPDGGWGWVVV,random-seq-non-antiviral
LMARGHPKAYGHLPPGPRPLP,random-seq-non-antiviral
ARNDLASLQQQAAAEAEDIRRWWSQPRWAGTKRVYTAE,random-seq-non-antiviral
RNRTPSDVKELVLDNCRS,random-seq-non-antiviral
DEDEKKSRGSKLG,random-seq-non-antiviral
SKVARSLAKYHPRVNHHRHC,random-seq-non-antiviral
HFLLVVNILAVTLPFLAADIQNQEQTTCRE,random-seq-non-antiviral
VHGMHPKETTRQLSLAVKDGL,random-seq-non-antiviral
MSDVYLRSRTAMERLASSDT,random-seq-non-antiviral
RTACTQEADDGKC,random-seq-non-antiviral
RAAQKADVLTTGA,random-seq-non-antiviral
KHPIKHQGLPQE,random-seq-non-antiviral
SAGCKVITSWDQMCIEKEANKTYNC,random-seq-non-antiviral
SEVSASAIVPCLSPPGSLVFEDFANLTPFVK,random-seq-non-antiviral
LHSSSSFSSQAVMMTKPMQEHKKEY,random-seq-non-antiviral
IAWEAGKPLCIEEVEVAPP,random-seq-non-antiviral
EFGVLLLLTLTVG,random-seq-non-antiviral
AVRSGNAAASSTP,random-seq-non-antiviral
AKNIKKGPAPFYPLEDGTAGEQLHKAMKRYALVPGTIA,random-seq-non-antiviral
STEGVPLSETNNRSHATPSAQYCQMTVEETCS,random-seq-non-antiviral
YPAGSLLRQSPQPRHTFYAGPRLSASA,random-seq-non-antiviral
ILSVFKTAKTGVLNAAAHRYRGFSKAGVRLMSVKAQTAN,random-seq-non-antiviral
NLRKFKSKLGDRRQEPRVTKSAIEKL,random-seq-non-antiviral
RKLESGGGGEGGEGTEEEDGAEREAALERPRR,random-seq-non-antiviral
KITELNPHLMCVLCGGYFIDATTII,random-seq-non-antiviral
EIKKPLSIEQIEVAPPKAHEVRIK,random-seq-non-antiviral
MWNALQDRDSAEV,random-seq-non-antiviral
PPGRGQEKSKTDCHGGMSGTIYEY,random-seq-non-antiviral
GAPWPAEPAPFYEPGR,random-seq-non-antiviral
LLFLSLWRPSSGRGKLPPGPTPLPI,random-seq-non-antiviral
LGAGPAPLLQ,random-seq-non-antiviral
SLETWVLLAASLVLLYLYGTSTHGLFK,random-seq-non-antiviral
ILKEQRQKGSASTLSSNGILDLKPVSEDNFYKWTAKL,random-seq-non-antiviral
AFAARTVVKPLGFL,random-seq-non-antiviral
MRRTGAPAQADSRGRGRARGGCPGGEATLSQPP,random-seq-non-antiviral
LPPDGGWGWVVVCASFISIGFSYAFPKAVTVFFKDIQ,random-seq-non-antiviral
IVAMGMILMAGICPAVLCFPDGTKEMDIVFHEHQDNG,random-seq-non-antiviral
RSSFYSQPSQSPTQPTYGRDDAEDQQQSLLRRSLASP,random-seq-non-antiviral
VSALSSTRLPGSFSGFLQAAALLGLL,random-seq-non-antiviral
IAWEAGKPLSIEE,random-seq-non-antiviral
DNVKFLKVKKDPQNPKKQEVMEATVTCLLEGGF,random-seq-non-antiviral
VKLLKKDPGNEVKLRLYALYKQATEGT,random-seq-non-antiviral
WEVGNYKRTVKRIDDGHRLC,random-seq-non-antiviral
AASRLRVESELGSLPKRALAQYLLL,random-seq-non-antiviral
SFEHMVQGSNINLGNIVTFTQFVSVTLIQLPNAL,random-seq-non-antiviral
SCLLSLLLAGFVSQSRGQ,random-seq-non-antiviral
SPCSVKHSPTRETL,random-seq-non-antiviral
PSVYGFPAFTSATEL,random-seq-non-antiviral
QRGLFPAILNLASNAHISTNATCGEKGPEMFCKLVEH,random-seq-non-antiviral
SDTGSKAPPTFKVSLMDQSVREGQDVIMSIRVQGEPKPV,random-seq-non-antiviral
FRLQAFPPALCRPLSCAQEVLRR,random-seq-non-antiviral
GPKQPLSIEEIEVAPPKRHEVRVKIVA,random-seq-non-antiviral
RLSASPGWEDGQGARVREKPPWRVLFFGNDQFARETL,random-seq-non-antiviral
PVLSRPRPWRGNTLKRTA,random-seq-non-antiviral
TPTSPSSPGLSPVPPPDKVDGFSRRSLRRARPRR,random-seq-non-antiviral
DTARIAVVGAGVVGLSTAVCISKLVPRCSVTII,random-seq-non-antiviral
LQVIIIGSRGVGKTSLMERFTDDTFCEACKS,random-seq-non-antiviral
TALARHKFHLGHLKLTQEQPESS,random-seq-non-antiviral
SNFHSREKCLTGLVLVTLCFLCFGGIFLLPDNFGSDR,random-seq-non-antiviral
PVVTKLLKFLDSSASREK,random-seq-non-antiviral
EQGFPLDLGASFTEDAPR,random-seq-non-antiviral
ASRLRAEAGLGALP,random-seq-non-antiviral
RRGFPRLAETLQHPMCPLPLVASAGHHRHHRLLLL,random-seq-non-antiviral
FLVSSCSPLENDDLFLVQVEPEVDPVVAAEAIGAKYV,random-seq-non-antiviral
FLSPVWQGPGLATGNGAGISSTN,random-seq-non-antiviral
AGKPLSIEEVEVAPPKAHEVRVQIIAASV,random-seq-non-antiviral
SDSRDPASDQMKQWKEQRASQRPDVLTTGGGNPIGDKLNI,random-seq-non-antiviral
LAKHEMDQGSSSEESINVSQQKFKQVKKVAIHP,random-seq-non-antiviral
LSSLLLLSLWRQSFGRGKLPPGPTPL,random-seq-non-antiviral
RRMDAPASAAAVRAFLERGHTELDTAFMYSDGQ,random-seq-non-antiviral
TVDTASAVRTPYDKARVFADLSPQEIKAVHSFLMNREEL,random-seq-non-antiviral
KEPLEFHAKRPWRPEEAVEDPDEED,random-seq-non-antiviral
GCSVGAEADRELEELLESA,random-seq-non-antiviral
GEQSVGKTSLITRFMYDSFDNTYQATIGIDF,random-seq-non-antiviral
ERYDDMAACMKSVTEQGAELSNEER,random-seq-non-antiviral
ELYTKYARVWIPDPEEVWKSAELLKD,random-seq-non-antiviral
MTISLIWGIAMVVCCCIWVIFDRRRRKAGEPPL,random-seq-non-antiviral
TEMSFLSSEVLVG,random-seq-non-antiviral
LMILPLIGSVSVSETLVAMITVCMI,random-seq-non-antiviral
ELFSPIAIAVLGSCVL,random-seq-non-antiviral
MFATPLRQPTNASGARPAVSMDGQETPFQYEITD,random-seq-non-antiviral
SRLLHGQIPCVLTRSVHSVAIVGAPF,random-seq-non-antiviral
LLWRKVAGATVGPGPVPA,random-seq-non-antiviral
DSPDPMNGASSNALIAKMNSAKLLYQHY,random-seq-non-antiviral
VIVTERVLLLVAP,random-seq-non-antiviral
NNQEVIDAISQAISQTPGCVL,random-seq-non-antiviral
PPDAGEDSKSENGENAPIYCICRKPDI,random-seq-non-antiviral
KKVVEKNADPETTLLVYLRRKLGLCGTKLGCGEG,random-seq-non-antiviral
CSRLLPSLAQEEG,random-seq-non-antiviral
KPPCRGCSSYLME,random-seq-non-antiviral
PHLSSSKNTPASGQPQEDLV,random-seq-non-antiviral
KNDFAALQAKLDADAAEIEKWWSDSR,random-seq-non-antiviral
LVNLCCPYFFQDIG,random-seq-non-antiviral
VDREQLVQKARLAEQAERYDD,random-seq-non-antiviral
RPLRRVVLFYQGKLCSMAGNFWQSSHYLQW,random-seq-non-antiviral
GAAGERKLCLLSLLLIGA,random-seq-non-antiviral
GERKNNNKRWYFTREQLENSPSRRFGVDPDKE,random-seq-non-antiviral
SRISNRLSSSATRT,random-seq-non-antiviral
MFRKLLKMWILLRPTHWLILIALCAVTCAGYWLLWSE,random-seq-non-antiviral
YETSRKTSYIFQQPQHGPWQTRMRKISNHGSLRV,random-seq-non-antiviral
HLRGPADSGWMPQAAPCLSGAPQAS,random-seq-non-antiviral
TSSSDAQQSLQSFW,random-seq-non-antiviral
NNPNNSNSHLRPHAYNNSRRDDSD,random-seq-non-antiviral
VVILASLSVMFLVSLWQQKIRERLPPGPTPLPFIGNY,random-seq-non-antiviral
LQSNSSQEKTLKERFSEIYPIHAQDVRQFVKEHGKTKISD,random-seq-non-antiviral
ICLSCLISFFLWNQNRAKGKLPPG,random-seq-non-antiviral
VVMNSLRVILQAS,random-seq-non-antiviral
TFISATELLLASAVFCLVFWVAGASKPRVPK,random-seq-non-antiviral
KNKKPTLILKIHVIQAENIEALKTFNC,random-seq-non-antiviral
ARPRLDLQLVQRFVRIQKVF,random-seq-non-antiviral
MLAKGLSLRSVLAKGCQPFLSPTWQSSVLATGGGANIS,random-seq-non-antiviral
DWSTYYGEPECYTSV,random-seq-non-antiviral
AAGLPGAALPLRKRPLRAPSPEPAAPRGAAGLVV,random-seq-non-antiviral
PPMPSAPPVHPPP,random-seq-non-antiviral
MLPRLICINDYEQHAKSVLPKSIYDYYRSGANDEE,random-seq-non-antiviral
LDSYDKFLVRNAASIGSIESTLRTVSYVLPGRFNDVE,random-seq-non-antiviral
SCPIDKRRPLIAFLRRLRD,random-seq-non-antiviral
RLGLWASGLILILGFLKLLRLLLRRQRLARAMD,random-seq-non-antiviral
FSPQRDRFQAEGS,random-seq-non-antiviral
GTLWALVFLGILVGMVVPSPAGTRANNTLLDSRG,random-seq-non-antiviral
MNRLLQKGTSLVPSWRTR,random-seq-non-antiviral
DLVKKVEPFSGTKSDVYKHF,random-seq-non-antiviral
MTTSLIWGIAIAACCCLWLILGIRRRQT,random-seq-non-antiviral
CVDYFAADVLMAISSGAVVHR,random-seq-non-antiviral
ATLANGMSLQPPLEEVS,random-seq-non-antiviral
GYGNYGYANSGYN,random-seq-non-antiviral
VFAVESIEKKRIR,random-seq-non-antiviral
KPGAPFSIEEVEVAPPKAKEVRI,random-seq-non-antiviral
PLTATNSGLAVNN,random-seq-non-antiviral
SFFLVVTILALTLPFLGAEVQN,random-seq-non-antiviral
VRACHKVCRCLLSGFGGRVDAGQPELLTER,random-seq-non-antiviral
LPFIGSVSVSESLVAMITMCLAYLILKFFRTEIPEGLR,random-seq-non-antiviral
ATSLVLLYLYGTYSHGLFKKLGIPG,random-seq-non-antiviral
TAGILLLLLLGTLEGS,random-seq-non-antiviral
MEPSILLLLALLVGFLLLLVRGH,random-seq-non-antiviral
MKNCFQLLCNLKVPAAGFKNTVKS,random-seq-non-antiviral
SVIHTQAHASGLQQVPQLVPAGPGGGGKAVAPSKQSK,random-seq-non-antiviral
NYSDVREDRVVTNSTGNPIN,random-seq-non-antiviral
VILASLSVMLLVSLWQQKIR,random-seq-non-antiviral
KPLGLLKPSSLMKVSGRFKAHQDA,random-seq-non-antiviral
FAGERGSEEVAETFRAKDLI,random-seq-non-antiviral
ARTLNNKLSLSKPKFSGFT,random-seq-non-antiviral
FDPYALSEHDEERPQNVQSKSRTAELQAEIDDTVGI,random-seq-non-antiviral
LLLVIIWTLFGPSGLGEELLSLSLASLLPAPASPGPP,random-seq-non-antiviral
WPGILVGGARVASCRYPALGPRLA,random-seq-non-antiviral
RSVKGLVALITGGASGL,random-seq-non-antiviral
AAAALRARILQVSSKVN,random-seq-non-antiviral
LLFYVNGRKVTEKNVDPETMLLPYL,random-seq-non-antiviral
TGCCIAGRLANLDDQNLTVAL,random-seq-non-antiviral
GSILGFLQIATVLTVLLLLLK,random-seq-non-antiviral
GQEQAQLYEITNKGYGKDAVKVMHINRKGPVHSIQELEV,random-seq-non-antiviral
AARQIGSCLMRCRTLDTTSP,random-seq-non-antiviral
FSNQPPVHRSPFEDPYPEDQPHFD,random-seq-non-antiviral
RSGPSRDSVKSYGDDKRSIND,random-seq-non-antiviral
WGCRGRRWAFARVDGGSCHRRGAPTGSTSNQIR,random-seq-non-antiviral
YAKPGAVRSPAQILQWQVLPNTVPAKS,random-seq-non-antiviral
RMAGPWLSLHEARLLGTRGAAAPKAV,random-seq-non-antiviral
SISNRAAVPEHGVAPDAERL,random-seq-non-antiviral
FARTMIGVFKNIEYMCKRTES,random-seq-non-antiviral
CLLLFSVWRQSSG,random-seq-non-antiviral
TPGSKISVIRSKRVIQANTISSCDIIISD,random-seq-non-antiviral
PNFSMETWLLLV,random-seq-non-antiviral
CISDYEQHVRSVLQKSV,random-seq-non-antiviral
QYVLSRYPSYGINYYQHRPVALTNSQF,random-seq-non-antiviral
ACRVALALAREKEEFKTAGE,random-seq-non-antiviral
PRPPSKTYRGAFQN,random-seq-non-antiviral
LLATVSGYFVSIDAHAEECFFERVTSGTKMG,random-seq-non-antiviral
GAPRLVLLFSGKRKSGKDFVTEA,random-seq-non-antiviral
SVLVKGCQPFLSAPRECPGHPRVGT,random-seq-non-antiviral
LVTPPKALLKPLSIPNQ,random-seq-non-antiviral
CVKLNDGHFMPVLGFGTYAPPEVPRSKALEVTKLA,random-seq-non-antiviral
ESGEGLGRKKS,random-seq-non-antiviral
KMQGSRMDEQRCS,random-seq-non-antiviral
VIADDLPPTCIRP,random-seq-non-antiviral
LPGGLRVLVQTGH,random-seq-non-antiviral
GWIWRWGWGRRCLGRPGLPGPGPGPATPLFLLLL,random-seq-non-antiviral
RGIRGSSAARPSGRRRDPAGRTTETGFNIFTQHD,random-seq-non-antiviral
EANKPLVIEEIEVDVPHANEIRIKII,random-seq-non-antiviral
GGTSSSDAQQSLQSFWPRVM,random-seq-non-antiviral
QQEKEFLESYPQNCPPDALPGTPGNLD,random-seq-non-antiviral
APARRVLQVKRVMQESSLSPAHL,random-seq-non-antiviral
KVAPGGPTGYPGNLTAEQEQKLGELKMILL,random-seq-non-antiviral
DRFPTTDDVYYIP,random-seq-non-antiviral
TAKYIPVHYVLSNYPHYEPSYY,random-seq-non-antiviral
CSAYKLVCYYTSWSQYREGDGSCFPDALDRFLCTHIIY,random-seq-non-antiviral
WEEKKPFSIEEVEVAPPKAHEVRIKMVA,random-seq-non-antiviral
SFTTPEHDFTLFPHRNHSVTSESRIPSEQTLKSLTDI,random-seq-non-antiviral
FLASYPQKCPAGSLPGTPGNTDE,random-seq-non-antiviral
MDAKARNCLLQHREALEKDIKTSY,random-seq-non-antiviral
ASRQLLVAPPEAL,random-seq-non-antiviral
VETWLLLAVSLVLLYLYGTRTHGLFKRLGIP,random-seq-non-antiviral
DNSKETVPPEIAKR,random-seq-non-antiviral
MISNGIGTVTTGKRSMCLFPLLLIGLWGC,random-seq-non-antiviral
MTLRNFGMGKRSIEDRVQEEARCLVEELRKTNASPC,random-seq-non-antiviral
SSSSSCYLEEALQRPVA,random-seq-non-antiviral
VMLNIRDICKSKSSKFWRRSAEEGRPGWQRIVV,random-seq-non-antiviral
AVFGLGGVGLSVIMGCKAAGASRIIAVDIN,random-seq-non-antiviral
VIKNIAHLCKRDRSKTWGKEGWKKVVV,random-seq-non-antiviral
AGLCSLVTSHLTEEIQASNDT,random-seq-non-antiviral
PNAKQSILQKNPDDVVIVAAYRTA,random-seq-non-antiviral
VMRNIAHFCSRSKSRVWGKDGWQKIVVCIVADG,random-seq-non-antiviral
AMELLLTATIFYLVLWVVKAFRLQVPKGLKSPPGP,random-seq-non-antiviral
TAGKVIKCKAAVLWQLNKPFSIEEVEVAPPKAHEVRI,random-seq-non-antiviral
LLAAGFCPAVLCH,random-seq-non-antiviral
AASVNDEQHQRIIKYGRALVLDIVEQ,random-seq-non-antiviral
LSFKDRVVVITGA,random-seq-non-antiviral
QLTGCENDERFFNDKTIKYIP,random-seq-non-antiviral
IARLREDGIQKRVIQEGRGELPDFQDG,random-seq-non-antiviral
ANVDFAFSLYRQLVSSAPDRNICISPVSVSMAL,random-seq-non-antiviral
TIILGGAWWTSAMDTKLQTKMKEIIDQHTSTWTPVVS,random-seq-non-antiviral
VKNHERFFDL,random-seq-non-antiviral
FIVVMNILALTLPFLAAEVQN,random-seq-non-antiviral
CQNGRRANRTVRFARTA,random-seq-non-antiviral
KKGILERLNAGEVVIGDGGFVFAL,random-seq-non-antiviral
CIFDREWTLASNSASG,random-seq-non-antiviral
WVTVRSQQRGLFPAI,random-seq-non-antiviral
LLRSCPLQGSPGRPRSV,random-seq-non-antiviral
VTILALTLPFLVAQEQIQEQPTGCEKDERFFN,random-seq-non-antiviral
LNDGHFMPVLGFGTYAPPEVPRNRAVEV,random-seq-non-antiviral
HLGRPSAPTIVAQPVSGLASPASFQPEQFQYTLDNNVLT,random-seq-non-antiviral
PTELQKERELTKF,random-seq-non-antiviral
RPEPGGCCCRRTVRANGC,random-seq-non-antiviral
SWVEENRASFQPPVCNKLMHR,random-seq-non-antiviral
VFHRVRWAPELGASLG,random-seq-non-antiviral
DGGWGWAVLFGCFVITGFSYAFP,random-seq-non-antiviral
SGSGSRGQEEAGAGGRARSWSPPPEVSRSAHVPSLQR,random-seq-non-antiviral
RAKVLTLDGMNPRVRRVEYAVRGPIVQRALELEQELRQ,random-seq-non-antiviral
LLQRARLAEQAERYDDMASAMKAVTELNEPLS,random-seq-non-antiviral
KSHRDPYATSVGHLIEKA,random-seq-non-antiviral
RHSDENDGGQPHKRRKTSDANETED,random-seq-non-antiviral
ALIQKLNSDPQFVLAQNVGTTHDLLDICLKRATVQRA,random-seq-non-antiviral
VSIAGTLLTVFFLTRLVLSF,random-seq-non-antiviral
AALPMLWTGLVLLGLLGFPQTPAQGHDTVQPNFQQ,random-seq-non-antiviral
QRRQNDSSVFLAIMVAAAVES,random-seq-non-antiviral
LVATSLVLLYIYGTHSHKLFKKLGIPGPTPLPFLGTI,random-seq-non-antiviral
CNAPGCGQRFTNEDHLAVHKHKHEMTLKFGPARTDS,random-seq-non-antiviral
LVLLTVQNSALILTLNYSRIMPGYD,random-seq-non-antiviral
TVLSPPQRFKRILQAMMLAVAVV,random-seq-non-antiviral
ISRGLLLLAALCCLAPSFL,random-seq-non-antiviral
DQHIKYTSHNKAGFIIDEE,random-seq-non-antiviral
VAGTESAQGPPGPAASLELWLNKATDPS,random-seq-non-antiviral
LLLVAVFTVYVFFHGAQYARGSAPSPKYSTVLSSGSGY,random-seq-non-antiviral
NSSDGFLEFSVGKFTYFVL,random-seq-non-antiviral
WLLLAVSLVLLYLYGTHSHGL,random-seq-non-antiviral
PIFPDSARLPLTRSFYLEPMVTFHVHPEAPVSSPY,random-seq-non-antiviral
PVDFKDKVVIITGAGGGLGKYYSLEFAKLGAKVVVNDLGG,random-seq-non-antiviral
LCSKANVYTEVPDGGWGWAVAVSF,random-seq-non-antiviral
QYLRIRTVQPEPDYGAAV,random-seq-non-antiviral
MVGGGGVGKSALTIQFIQSHFVDEYDPTIEDSYRKQC,random-seq-non-antiviral
ASPTQTPPTTSTIRVARRSRVALVAM,random-seq-non-antiviral
TAQWSVEDEEEAVHEQC,random-seq-non-antiviral
SVVQAVEPISLGLALAGVLTGYI,random-seq-non-antiviral
TIWRNQHTYKMATSASANLSKIVKKNYMELPQDGKVQ,random-seq-non-antiviral
LSITRGLLLLAALCCLAPIS,random-seq-non-antiviral
ISSVKFSPNTSQFLLVSSWDTSVRL,random-seq-non-antiviral
VALGPCYLQGTDPGASADAEGPQCPVTCTCSY,random-seq-non-antiviral
LSIETWVLLVTSLVLFYIYGTYSHGLFKK,random-seq-non-antiviral
HLSSSRSPSASDLPQEELVDQKCLLQKYTHRSCNKVF,random-seq-non-antiviral
VPYSWSWQVSLQYEKDGA,random-seq-non-antiviral
ILLSIWRQSSGRGKLPPGPIPLPIIGNIFQ,random-seq-non-antiviral
LLLLSWVALGPRSLEGADPGTPGEAEGPACP,random-seq-non-antiviral
LRVKRAMQEASFMPPLLPPAAHQRFSTVPAVP,random-seq-non-antiviral
GLLLLAGLCCLVFGIMAEDAQVAQGPSQQI,random-seq-non-antiviral
RHVGLLCATGPQRWRF,random-seq-non-antiviral
AAVALARPKPPLRHQEHLQNEPDS,random-seq-non-antiviral
SRVNDQSQASRNGLKGKVLTLDTMNPCV,random-seq-non-antiviral
AAALGPGVLQATRAFHTGQPRLAPLPPLPEYGGK,random-seq-non-antiviral
PFATVDIQDDCGITDEPQINLKRS,random-seq-non-antiviral
VFAAECILSKRLRKGKLEYLVKWRGWSSKH,random-seq-non-antiviral
LCTSGLWTAQASTNESSNSHRGLAPTNV,random-seq-non-antiviral
PAIQPVLSGLSRIVNGEEA,random-seq-non-antiviral
GCQASLSTAQERLGHPGVPTREGVR,random-seq-non-antiviral
GLSLRSVLVKGCQPFLSPTWQGPVLSTGKGAGTSTSS,random-seq-non-antiviral
RKVLILTLVVAACGFVLWSSNGR,random-seq-non-antiviral
FQSFHIVILGLDCAGKTTV,random-seq-non-antiviral
LPLGFSAIRRYYLGAVELSWDYRQ,random-seq-non-antiviral
GRVRSRCPGPALLLLLALAARPALAGPPAAALQ,random-seq-non-antiviral
PWVNIFLPVLAIFLIYIIF,random-seq-non-antiviral
KLVAPVTFRHHRYDDLVRTLYKVQNECPGITRVYSIGR,random-seq-non-antiviral
EPAGGCLCDQPVHIAVRGLAPEQ,random-seq-non-antiviral
STAVCISKMVPGCSITVISDKFTPETTSDVAAG,random-seq-non-antiviral
RPAHPLDPLSTAEIKAATNTVKSYFAG,random-seq-non-antiviral
CRITKPALLVLNQETAKVVQT,random-seq-non-antiviral
KAEVCMAVPWLSLQ,random-seq-non-antiviral
SHLELNNGTKMPTLGLGT,random-seq-non-antiviral
LTNAEEFTPKVTKTIAQDSFDILSFDD,random-seq-non-antiviral
WEPKKPFSIEEVEVAPPKAHEVRIKILAT,random-seq-non-antiviral
LLLPEAAAERDAREKLALWDRRPDTTAPL,random-seq-non-antiviral
PNDGHDHPEKKDPDTTPKQVAGV,random-seq-non-antiviral
LLALSLVLLYRYATYSHGFFKKLGIPGPKPLPLFGNVLS,random-seq-non-antiviral
YKLVVVGDGGVGKSALTIQLIQNHFVEEYDPTIEDSYR,random-seq-non-antiviral
EELNASGETVESLSSSEESITHIS,random-seq-non-antiviral
IIGLGTYSDPRPVPGKTFIAVKTAIDEGYRH,random-seq-non-antiviral
SGSRIHVFKWQDTE,random-seq-non-antiviral
VFLQVCIEASGWGAEVRDSCGCGDSSSHQTDDPATA,random-seq-non-antiviral
ITVKNPIVEMDGDEMTRIIWQFIKDKLILPY,random-seq-non-antiviral
LLSLWRQSSGRGKLPPGPTPLPVIGNILQIGIKD,random-seq-non-antiviral
EEDGDELARRCSTFMSSPVTELR,random-seq-non-antiviral
AFKSMEVANFYYEADCLAAAYGGKAAPAAPPADRPGPR,random-seq-non-antiviral
GSLSGTPGNLDSEQEAKLKEFRELLESLGTKERL,random-seq-non-antiviral
SLFWAARPLQRCGQLVRMAIRAQH,random-seq-non-antiviral
DIEAYFERIGYKNSVNKLDLATL,random-seq-non-antiviral
MRPPRTLTSTATMSALSTSMPMEIDDVMDEDAVNGQA,random-seq-non-antiviral
PWCDAEHRDIVNLKKSEFWNKGGPAWQKIVVCLVFDGIDP,random-seq-non-antiviral
LLSLIGFCWAQYDP,random-seq-non-antiviral
LWARSKNDQLRISFPPGLCWG,random-seq-non-antiviral
VSVSEGLVAIVTLCLVYMLM,random-seq-non-antiviral
PQGFDVDRDAKKLNKACKGMGTNEAAIIEILSG,random-seq-non-antiviral
PVSVSESLVAIITMCLVYMILK,random-seq-non-antiviral
LKYLSLGILVFQTTSLVLTMRYSRTLKEEGPR,random-seq-non-antiviral
IFCLILWVVKAWQPRLPKGLKSPPGPWGWPLLG,random-seq-non-antiviral
LDAASPGPLALLGLLFAATLLLSALFLL,random-seq-non-antiviral
VTLLFKLYCLA,random-seq-non-antiviral
ATRAAAARLVGTAASRTPAAARH,random-seq-non-antiviral
RNKLDLETLTDILEHQIR,random-seq-non-antiviral
RRLVLQARTYAQAAASPAPAAGPGQMSFTFASPTQVFF,random-seq-non-antiviral
DLTSNNPHFHISS,random-seq-non-antiviral
PGRSRSAADDINPAPANM,random-seq-non-antiviral
LLSALTLETWVLLAVILVLLYRLG,random-seq-non-antiviral
KGLVLGIYSKEKEEDEPQFTSAGEN,random-seq-non-antiviral
VMGHGLCPQGARAKAAIPAALRDHEST,random-seq-non-antiviral
FLVSIAGLLYALVQLGQPCDCLPPLRAAA,random-seq-non-antiviral
VRSVRAAVGGLRAISAPSAPCLPRPWGLRAG,random-seq-non-antiviral
GNVKKSSGAGGGTGSGGSGSGGLIG,random-seq-non-antiviral
FSLETWVLLAI,random-seq-non-antiviral
FYLTAETWTLLVAFVTLLLIYAYWPYGTFKRLGIPG,random-seq-non-antiviral
MIRIAALNASSTIEDDHEGSFKSHKIQTKEAQEAE,random-seq-non-antiviral
NDTFSVSDNVAVIVPETDTQVTY,random-seq-non-antiviral
MYYKFSSFTQKLAGAWASEAYTPQGLKPV,random-seq-non-antiviral
RGGCWPRGLQQLLVPGG,random-seq-non-antiviral
APATPPRPLKRKKLQFTDVTPESSP,random-seq-non-antiviral
EQAERYDDMAAAMKAVTEQGHELSNEERNL,random-seq-non-antiviral
MDIEAYYQRIGYKNPRNKLDLESLTDIFQHQIRTVPYEN,random-seq-non-antiviral
VLPVFAHCKEAPSTASSTPDSTEGGNDDSDFREL,random-seq-non-antiviral
TMKSTVLLSVFTVLATWAGLLEAHPLGD,random-seq-non-antiviral
MFCMAGLCLISFLHFFKTLSYVTFPRELASLSPNLIS,random-seq-non-antiviral
ALVGATFGCGVPTI,random-seq-non-antiviral
MPNDPSDNQLK,random-seq-non-antiviral
TELLLAITVFCLGFWVVRALRTQVP,random-seq-non-antiviral
GKTSPRREETSAFREPSRRRRRES,random-seq-non-antiviral
HLVLYNGAKMPILGLGTWKS,random-seq-non-antiviral
QYISLAPELLLATAIF,random-seq-non-antiviral
LGFTTLALVVSVTCLSLLSVWTKLRTRGRL,random-seq-non-antiviral
IDEILSKETCDYF,random-seq-non-antiviral
KNSQTVSPGAITTGNGAPIGIKDAS,random-seq-non-antiviral
LLLLARGHPKSRGNFPPGPRPLPLLGNLLQMDRGGLL,random-seq-non-antiviral
TAGKVIKCKAAVVWEPKKPFSIVEIEVAPPKAH,random-seq-non-antiviral
GPNITSGNPGPAIQGGGTIVQRAVKRRPGLDFD,random-seq-non-antiviral
MSAAILGQVWTRKLLPIPWRLCVPGRCVSSNFKA,random-seq-non-antiviral
ALAVLHVLEPFPTETP,random-seq-non-antiviral
ISCFFLVALFLASCRATTSSDQKCI,random-seq-non-antiviral
QLFRSRYTLGKIYFIGFQ,random-seq-non-antiviral
VFFVNGRKVVEKNADPETTLLAY,random-seq-non-antiviral
RAEQPCGAELTFELPDNAKQC,random-seq-non-antiviral
QCLPRTRALGTTAALAPNTLRPFEAIP,random-seq-non-antiviral
KLENLLRFHTIYRQLHSLCQR,random-seq-non-antiviral
GREEGGVGSEEGVGKQCHPS,random-seq-non-antiviral
MALRVTADVWLAR,random-seq-non-antiviral
IHYVLNISPSQEPNYYQ,random-seq-non-antiviral
VIKCKAAIAWEAGKPLSVEEIEVSP,random-seq-non-antiviral
QLWKVVRPARQL,random-seq-non-antiviral
LPHSLAMIRLCNPPVNAVSPTV,random-seq-non-antiviral
QQLRSPRQPPRLVTSTAYTSPQ,random-seq-non-antiviral
IEFMCTRKDSKTWGKDAWKKIVVCVVSDGRAKINP,random-seq-non-antiviral
MGSVLGLCSMASWIPCLCGSAP,random-seq-non-antiviral
LVALALARETIESLSSSEESITEYKQKVEKVK,random-seq-non-antiviral
LRPAAGGPRRQQQ,random-seq-non-antiviral
AKMETTFYDDALNASFLQSESGAYGYSNPKILKQSMT,random-seq-non-antiviral
AGKPLSLEEVEVAPPRAGEVR,random-seq-non-antiviral
TCLLAVALAKNTMEHV,random-seq-non-antiviral
LASAIFCLVFWVLKGLRPRVPKGLKS,random-seq-non-antiviral
MMSLALYTCFLWLLTSGLKTVQSLHDSHRGLAPTNVD,random-seq-non-antiviral
SQRLQSIKDHLVE,random-seq-non-antiviral
RVYKVHKDEKTGVQTVYEM,random-seq-non-antiviral
GLGSGLGGGLGGGRKGSGPAAFRLTEKFVLLLV,random-seq-non-antiviral
YQSFDKNNIRDVTDSLWRSKKTKPRGAADPN,random-seq-non-antiviral
TARTPIGSFQGSL,random-seq-non-antiviral
TQAVTDEDSSSHRDLAPTNVDFAFN,random-seq-non-antiviral
LALASVTEISLDNKHRHRHEQQGHHDSAKHGHQKDKQ,random-seq-non-antiviral
LSLYSVCPSLVVRPKPLHSCTGSP,random-seq-non-antiviral
FRNYRFAIGAFAVIMLILLI,random-seq-non-antiviral
VKAGFAGDDTPRAVFHAIVGRPRHQ,random-seq-non-antiviral
RYPKYGLNYYQCRPAALINNQFMPYPY,random-seq-non-antiviral
ETGDELVFFVNGKKVVEKDVD,random-seq-non-antiviral
RLGLLLSVLAATLAQAPAPDVPGCSRGSCYPATGDL,random-seq-non-antiviral
TEQIVVQAGQIQQQQQGGVTAVQLQTEAQVASA,random-seq-non-antiviral
NPCGSKACRRLFGPVDSEQ,random-seq-non-antiviral
PTIASGNPGPGIQGGGAVVQRAIKRRSGLDFDDEGEVNS,random-seq-non-antiviral
DFQWCFSQVKGAVDEDVAEADIISTVEFNYSG,random-seq-non-antiviral
RILHMALTGASDPSAEAEANGEKPFLLRA,random-seq-non-antiviral
GYRRRFCRPSRARDINTEQGQNVLEILQDCFEE,random-seq-non-antiviral
GQPRGGVEEGPT,random-seq-non-antiviral
IAWELNKPLSIEQIEVAPPKAHEVRIKILATGVCRSDEHV,random-seq-non-antiviral
AKLAEQAERYDDMAACMK,random-seq-non-antiviral
VFHRIHLPLQLDASLGSRGSESVLRSLSD,random-seq-non-antiviral
LLAFLAGLLLLLFR,random-seq-non-antiviral
GQTSISKGLNYLTIMAPGNLWHMRNNF,random-seq-non-antiviral
HLLSAVESELQAGSEKGDPTERELR,random-seq-non-antiviral
KTCENLADTFRGPCFATSNC,anti-coronavirus
GLFVGVLAKVAAHVVPAIAEHF,anti-coronavirus
GIGKFLHSAGKFGKAFVGEIMKS,anti-coronavirus
GIGKFLHSAKKFGKAFVGEIMNS,anti-coronavirus
GEGFLGMLLHGVGHAIHGLIHGK,anti-coronavirus
GLRSKIWLWVLLMIWQESNKFKKM,anti-coronavirus
FLPVLAGIAAKVVPALFCKITKKC,anti-coronavirus
GWGSFFKKAAHVGKHVGKAALTHYL,anti-coronavirus
FFGWLIRGAIHAGKAIHGLIHRRRH,anti-coronavirus
ALWMTLLKKVLKAAAKAALNAVLVGANA,anti-coronavirus
GLPVCGETCVGGTCNTPGCTCSWPVCTRN,anti-coronavirus
GAFGNFLKGVAKKAGLKILSIAQCKLSGTC,anti-coronavirus
GWFKKAWRKVKNAGRRVLKGVGIHYGVGLI,anti-coronavirus
GSVLNCGETCLLGTCYTTGCTCNKYRVCTKD,anti-coronavirus
RRCICTTRTCRFPYRRLGTCIFQNRVYTFCC,anti-coronavirus
ACYCRIGACVSGERLTGACGLNGRIYRLCCR,anti-coronavirus
GVIPCGESCVFIPCISTLLGCSCKNKVCYRN,anti-coronavirus
GVIPCGESCVFIPCISAAIGCSCKNKVCYRN,anti-coronavirus
KIPCGESCVWIPCVTSIFNCKCKENKVCYHD,anti-coronavirus
GSIPACGESCFKGKCYTPGCSCSKYPLCAKN,anti-coronavirus
CGESCVFIPCITTVLGCSCSIKVCYKNGSIP,anti-coronavirus
ATCYCRTGRCATRESLSGVCEISGRLYRLCCR,anti-coronavirus
AFTCHCRRSCYSTEYSYGTCTVMGINHRFCCL,anti-coronavirus
VTCYCRRTRCGFRERLSGACGYRGRIYRLCCR,anti-coronavirus
VTCYCRSTRCGFRERLSGACGYRGRIYRLCCR,anti-coronavirus
GFFALIPKIISSPLFKTLLSAVGSALSSSGEQE,anti-coronavirus
VCSCRLVFCRRTELRVGNCLIGGVSFTYCCTRV,anti-coronavirus
DFASCHTNGGICLPNRCPGHMIQIGICFRPRVKCCRSW,anti-coronavirus
GFGCNGPWDEDDMQCHNHCKSIKGYKGGYCAKGGFVCKCY,anti-coronavirus
SLTQINTTLLDLTYEMLSLQQVVKALNESYIDLKEL,anti-coronavirus
MWKTPTLKYFGGFNFSQI,anti-coronavirus
ATAGWTFGAGAALQIPFAMQMAY,anti-coronavirus
GYHLMSFPQAAPHGVVFLHVTW,anti-coronavirus
GVFVFNGTSWFITQRNFFS,anti-coronavirus
NEVAKNLNESLIDLQELGKYEQYIKWPWYVW,anti-coronavirus
AACEVAKNLNESLIDLQELGKYEQYIKW,anti-coronavirus
GNHILSLVQNAPYGLYFIHFSW,anti-coronavirus
GYFVQDDGEWKFTGSSYYY,anti-coronavirus
FKLPLGINITNFRAILTAFS,anti-coronavirus
PTTFMLKYDENGTITDAVDC,anti-coronavirus
VLYNSTFFSTFKCYGVSATK,anti-coronavirus
PALNCYWPLNDYGFYTTSGI,anti-coronavirus
RDVSDFTDSVRDPKTSEILD,anti-coronavirus
YQDVNCTDVSTAIHADQLTP,anti-coronavirus
SNNTIAIPTNFSISITTEVM,anti-coronavirus
QYGSFCTQLNRALSGIAAEQ,anti-coronavirus
GIGVTQNVLYENQKQIANQF,anti-coronavirus
IQKEIDRLNEVAKNLNESLI,anti-coronavirus
GINASVVNIQKEIDRLNEVAKNLNESLIDLQELGKYE,anti-coronavirus
GINASVVNIQKEIDRLNEVAKNLNESLIDL,anti-coronavirus
GINASVVNIQKEIDRLNEVAKNL,anti-coronavirus
KKKKYRNIRRPG,anti-coronavirus
ISGINASVVNIQEEIKKLNEEAKKLNESLIDLQEL,anti-coronavirus
ISGINASVVNIQKEIDRLNEVAKNLNESLIDLQEL,anti-coronavirus
IEEINKKVEEIQKKIEELNKKAEELNKKLEELQKK,anti-coronavirus
TLKPIFKLPLGINITNFR,anti-coronavirus
YENQKQIANQFNKAISQIQESLTTTSTA,anti-coronavirus
IQESLTTTSTALGKLQDVVNQNAQALNTLVKQLSS,anti-coronavirus
FGGASCCLYCRCHIDHPNPKGFCDLKGKY,anti-coronavirus
GGASCCLYCRCH,anti-coronavirus
DLKGKYVQIP,anti-coronavirus
NCVKMLCTHTGTGQAITVTP,anti-coronavirus
PTTCANDP,anti-coronavirus
HVTTTFAPPPPR,anti-coronavirus
SVVPSKATWGFA,anti-coronavirus
FKPSSPPSITLW,anti-coronavirus
ALNCYWPLNDYGFYTTTGIGYQPYRVVVLSFEL,anti-coronavirus
CANLLLQYGSFCTQLNRALSGIA,anti-coronavirus
PSSKRFQPFQQFGRDVSDFT,anti-coronavirus
RNTREVFAQVKQMYKTPTLKYFG,anti-coronavirus
TKFPSVYAWERKKISNCVAD,anti-coronavirus
KGIYQTSNFRVVPSGDVVRF,anti-coronavirus
KSNVVRGWVFGSTMNNKSQS,anti-coronavirus
TDAVDCSQNPLAELKCSVKSF,anti-coronavirus
TSSMRGVYYPDEIFRSDTLYL,anti-coronavirus
YKGYQPIDVVRDLPSGFNTL,anti-coronavirus
YNYKYRYLRHGKLRPFERDI,anti-coronavirus
NGIGVTQNVLYENQKQIANQFNKAISQIQESLTTTSTA,anti-coronavirus
IQKEIDRLNEVAKNLNESLIDLQELGK,anti-coronavirus
FNKAISQIQESLTTTSTALGKLQDVVNQNAQALNTLVKQL,anti-coronavirus
ALNTLVKQLSSNFGAISSVLNDILSRLDKVEAEVQIDRL,anti-coronavirus
IDRLITGRLQSLQTYVTQQLIRAAEIRASANLAATK,anti-coronavirus
YVTQQLIRAAEIRASANLAATKMSECVLGQSKRVDFCGKG,anti-coronavirus
QPELDSFKEELDKYFKNHTSPDVDLGDISGINASVVNIQ,anti-coronavirus
LDKYFKNHTSPDVDLGDISGINASVVNIQKEIDRLNEVAK,anti-coronavirus
PDVDLGDISGINASVVNIQKEIDRLNEVAKNLNESLIDLQ,anti-coronavirus
GDISGINASVVNIQKEIDRLNEVAKNLNESLIDLQELGKY,anti-coronavirus
ISGINASVVNIQKEIDRLNEVAKNLNESLIDLQELGK,anti-coronavirus
GINASVVNIQKEIDRLNEVAKNLNESLIDLQELGK,anti-coronavirus
INASVVNIQKEIDRLNEVAKNLNESLIDLQELGKYEQYI,anti-coronavirus
INASVVNIQKEIDRLNEVAKNLNESLIDLQELGK,anti-coronavirus
INASVVNIQKEIDRLNEVAKNLNESLIDL,anti-coronavirus
VVNIQKEIDRLNEVAKNLNESLIDLQELGKYEQYIKWPW,anti-coronavirus
VVNIQKEIDRLNEVAKNLNESLIDLQELGK,anti-coronavirus
IQKEIDRLNEVAKNLNESLIDLQELGKYEQYIKWPW,anti-coronavirus
IDRLNEVAKNLNESLIDLQELGKYEQYIKWPW,anti-coronavirus
DISGINASVVNIQKEIDRLNEVAKNLNESLIDLQELGKYE,anti-coronavirus
GKYEQYIK,anti-coronavirus
DLSLDFEKLNVTLLDLTYEMNRIQDAIKKLNESYINLKE,anti-coronavirus
VKQLSSNFGAISSVLNDILSRLDKVEAEVQIDRLIT,anti-coronavirus
DILSRLDKVEAEVQIDRLIT,anti-coronavirus
GVTQNVLYENQKQIANQFNKAISQIQESLTTTSTALGKLQ,anti-coronavirus
LTTTSTALGKLQDVVNQNAQALNTLVKQLSSNFG,anti-coronavirus
KQLSSNFGAISSVLNDILSRLDKVEAEVQIDRLITG,anti-coronavirus
GRLQSLQTYVTQQLIRAAEIRASANLAATKMSEC,anti-coronavirus
KEIDRLNEVAKNLNESLIDLQELGKYEQYIKWPWYVW,anti-coronavirus
LFGLIPSLIGGLVSAFK,anti-coronavirus
LFRLIKSLIKRLVSAFK,anti-coronavirus
SLIGGLVSAFK,anti-coronavirus
